phrase	éventualité	permission	possibilité matérielle ou capacité	sporadicité	doute
hein ?  alors euh j'ai pas jugé bon que je construise euh c'est pour ça d'ailleurs quand je j'avais mes trois enfants quand j'ai commencé à construire ici  ce qui m'a permis de faire un F5  $ hm hm  /$ alors euh  et puis de toute façon euh quand je suis en ville avec trois enfants  si je peux les instruire  enfin j'aurai un débouché  et puis alors pour les instruire ça me coûtera moins cher que de les envoyer de la campagne à la ville  j'aurai quand même pas la pension à payer j'aur- euh  $ hm hm  /$ ça me sera beaucoup plus économique euh de ce côté-là quoi  oui  $ ah oui parce que du moment que vous étiez à la campagne euh  /$			1		
enfin c'était comme ça  parents ne pouvaient pas faire autrement quoi  $ hm  /$ $ est-ce que je peux vous demander euh ce que vous faites comme travail euh à Orléans en dehors de de votre commerce ?  /$ euh oui  euh je f- je suis preneur d'ordres  $ ah bon ?  /$		1			
oui  ben pendant combien quatre ans ?  j'ai fait ça pendant quatre ans  le livreur livreur à la chine  $ oui  /$ puis à la suite de  que la TVA a été instituée  alors le patron il a été obligé de changer sa sa formule de travail sa façon de travailler  euh il me dit ah je peux pas continuer à travailler comme ça parce que pour la facturation ça serait pas pratique euh  $ hm  /$ $ au fait le le TVA c'est quoi au juste ?  /$			1		
$ au moins c'est déjà calculé parce qu'autrement vraiment je sais pas il faudrait des licences en mathématiques pour s'en sortir  /$ ah oui ah oui ah puis ah ah s- ben avec des machines  vraiment  $ à calculer on peut le faire  /$ mais vous savez  $ c'est pour ça à chaque transaction c'est  /$			1		
oui alors euh pour en continuer à qu'on est venu à Orléans et dans les six années qu'on a tenu euh cette gérance  on s'est bien défendu enfin on a bien fait de pas trop mauvaises affaires  $ hm hm  /$ on avait acheté un terrain à Orléans  nous avons construit à Orléans  et notre maison s'est trouvée finie au mois de février  et on est venu habiter au mois de février dans cette maison  mais moi n'ayant pas de spécialité  puis et un petit salaire évidemment  on a constaté que on commençait à  manger les à  on commençait à  oui on peut dire manger les économies et  hm  $ euh enfin  /$ donc euh  oui ça allait pas  non  $ euh ça allait  /$		1			
donc euh  oui ça allait pas  non  $ euh ça allait  /$ pas euh ça ne pouvait pas continuer comme ça  $ ah oui  /$ alors on a envisagé de racheter ce commerce-là  $ ah bon ?  /$			1		
oui  quand même  c'est-à-dire euh ce qui ce qui m'a surtout euh incité à venir à Orléans  parce que l'exploitation que nous avions en Bretagne qui appartenait à mon beau-père  $ hm hm  /$ eh bien  j'aurais pu l'avoir à mon compte personnel sans  mais vu l'importance comme c'était une ferme de quatorze hectares quatorze à quinze hectares  j'ai constaté que vu l'époque ça n'allait pas me suffire  $ et  /$ oui  que il fallait que je modernise euh sur le plan matériel  d'une d'une autre part il fallait que je fasse une maison d'habitation parce que la maison qu'il y avait  avec la ferme était pas euh  convenable elle était pas  hm  $ conçue pour euh  /$		1			
oui  oui  alors euh si on le f- on le fait quatre fois par jour hein vous rendez compte ça fait quatre heures ce n'est pas possible  $ oh  /$ $ on peut pas faire  /$ $ mais non il le fait pas quatre fois par jour il l'a fait ces  /$			1		
ah bon ?  $ oh oui oui  /$ oui oui jusqu'au jour où tu en seras fatiguée oui également  non je pourrais  pas vivre sans bruit y a rien à faire  $ d'abord euh  /$ oui mais t'as un bruit  justement quand nous sommes  $ eh oui  /$			1		
$ fait quand on tenait notre commerce en Bretagne  /$ $ alors évidemment j'ai dit on peut quand même ce serait préférable d'être  /$ $ hm  /$			1		
$ hm  /$ y a encore quelques années je voyais y a encore quelques années de bon pour euh on peut encore gagner quelques  gagner un peu d'argent encore dans le commerce  hein ?  $ hm hm  /$ là c'est fini mais enfin  ça a été bon jusqu'à l'année dernière  oui  $ oui  /$			1		
alors il faut jouer avec des paravents euh  $ hm oui  /$ c'est pour ça que dès qu'on a pu on a amassé amassé que des  oui  $ économies  /$ et puis on a trouvé une maison deux kilomètres de d'ici  $ ah bon ?  /$			1		
non non non mais enfin on n'a pas vendu et puis euh  et comme on ne compte pas vendre le commerce parce que c'est une affaire qui n'est pas vendable  hm hm  $ en épicerie  /$ elle peut être vendable qu'en pas-de-porte  alors  alors d'une c- de d'un autre côté  les enfants sont à proximité de l'école d'ici  on a la fille euh qui va à l'école au lycée derrière  on a le dernier des fils qui va à l'école là de l'autre côté de la route  et puis alors j'ai le grand qui va à l'école à Sainte-Euverte sur le carré là  $ ah bon oui ?  /$ oui  à Sainte-Euverte  alors vous voyez c'est c'est  $ le dé- ben oui ils rentrent tous les midis  /$			1		
oui  de soupe et puis euh  un bout de viande froide qu'on emmenait un bout de pain et puis c'est tout quoi c'est tout  $ hm hm pas d'autre moyen ?  /$ enfin c'était comme ça  parents ne pouvaient pas faire autrement quoi  $ hm  /$ $ est-ce que je peux vous demander euh ce que vous faites comme travail euh à Orléans en dehors de de votre commerce ?  /$			1		
il travaillait chez les les Américains lui  $ oui  /$ quand euh il a connu tout d'abord il était un soldat quand il a connu ma belle-soeur  et puis alors il s'est marié et il travaillait chez les Américains  alors chez les Américains  euh  c'était pas nécessaire de travailler c'était surtout nécessaire d'être présent  des fois même  ah bon ?  $ on pouvait être  /$ dispensé d'être présent  alors euh il m'a fait croire il me dit tiens tu viens à Orléans euh  tu voilà il savait qu'on avait un peu d'argent pour euh c- pour envisager une construction et tout ça il dit tu viens à Orléans euh  je te trouve du travail euh ne  hm  $ t'inquiète  /$		1			
vous savez ils partaient avec une quantité de marchandise  alors le soir il fallait  faire le décompte de ce qu'ils avaient vendu  hein ?  $ ah oui  /$ de façon que ça passe à la facturation puis que eux ils aient  j'ai en de toute façon j'avais une responsabilité vis-à-vis de la maison quoi  importante parce que je pouvais aussi bien tricher vis-à-vis d'eux  mais pour moi il fallait que ça corresponde aussi pour mon stock  hm hm  $ parce que si  /$ le stock ne correspondait pas avec  le chef de fabrication qui me donne une fabrication de tant  alors si c'était faussé  de plusieurs caisses alors évidemment ça  indiquait qu'il y avait eu  hm hm  $ une fraude  /$			1		
$ compliquer les choses  /$ très mal commode  je pourrais vous montrer une facture là par exemple euh  euh    $ ça marche pas  /$ voyez ?  $ articles euh  /$			1		
ah oui oui oh oui euh  c'est un  $ d- d-  /$ dites donc  il faut la machine pour pouvoir euh  calculer la TVA alors voyez sur cette somme sur cette facture-là  hm hm  $ y a  /$ soixante-cinq mille ou six cent cinquante-six francs cinquante-trois  ah non t-  tu as cinquante  vingt et un  hm  y a presque dix mille francs de TVA  $ ah oui ?  /$			1		
$ si vous aviez carte blanche quel métier est-ce que vous choisiriez ?  /$ vous savez il faut avoir les compétences hein pour pouvoir pour euh choisir un métier  $ alors mettons que  /$ $ il suffisait de dire je vais faire tel métier  /$			1		
$ pour le faire  /$ vous savez maintenant on peut pas tellement se définir hein  $ hm  /$ pas se définir  je suis qui- je b- j'ai quitté la culture parce que la ferme euh n'était pas viable  $ hm  /$			1		
porcherie  $ hm hm  /$ mais alors là on lui a interdit parce que  ses terrains se trouvent euh  se trouvent comment hum font partie de l'urbanisme font partie de la zone euh la zone qui peut  euh considérée euh comme zone de construction par la suite  $ ah bon ?  /$ alors on lui donne pas l'autorisation  $ alors il faut pas les avoir à côté  /$	1				
alors on lui donne pas l'autorisation  $ alors il faut pas les avoir à côté  /$ $ alors il peut  /$ des habitations ?  pas non non  et puis  ah bon ?  $ il ne peut pas euh  /$					
$ alors il peut  /$ des habitations ?  pas non non  et puis  ah bon ?  $ il ne peut pas euh  /$ envisager euh parce qu'il voulait monter des porcheries à fosse à lisier vous savez fosse à lisier  $ ah bon ?  /$		1			
vous savez  et puis pour euh n'en tirer aucune usage  $ hm  /$ aucun usage  enfin tant pis quoi parce que eux ils avaient monté un hangar et tout ça ils ont fait des frais parce qu'ils ont acheté leur ferme  d'ailleurs qu'ils ont à peine fini de payer et puis euh  après ben ils ont amélioré la maison pour ça que tout ils pouvaient pas tout faire ensemble  puis moi quand j'ai été là ben j'ai fait faire une  oui  $ fosse à purin  /$ $ oui  /$			1		
obligations  non qu'est-ce  moi je  oui  $ oui  /$ quand même  euh  il est pas il a pas d'initiative  $ on peut pas  /$ lui dire euh  ben  il  il a rien à faire  non non  $ hm hm oui  /$		1			
ah bon ?  $ il a fait des  /$ il est revenu  il était comme ça quand il l'a eu mais il me l'a donné il était comme ça    et pour finir ben le dernier coup  elle y a donné un coup de peine il ne au lieu de  qu'il passe par dessus il a rentré dedans    alors euh  le manche eh ben il  ben je lui dis tu vois ben je lui dis regarde là un peu je lui dis y a un manche il était valable  je pouvais en tirer un profit tandis que là ben il est bon à faire du feu  ah qu'il dit ben ça vous faire des    je dis oui mais moi je te l'ai pas donné dans cette intention-là  hein si j'avais su ben je te l'aurais pas donné  $ hm hm  /$ alors je lui ai fait voir que  c'était pas tellement une solution de travailler quoi et de  et de voir le le travail d'une façon  bien faite quoi  $ hm hm  /$			1		
dans les quatre-vingt-dix jours eh ben ils l'ont pour faire euh  des ja- agencements euh des remboursements s'il y a eu des euh une mise de fonds dans les euh  $ hm  /$ dans les lieux enfin tout ce qu'il peut y avoir que  $ et vous vous n'avez pas euh ces facilités-là ?  /$ euh non on a pas ces  facilités-là  malgré tout  direct avec les maisons  $ et puis alors sur de  /$				1	
