phrase	éventualité	permission	possibilité matérielle ou capacité	sporadicité	doute
$ euh ça c'est moi qui l'ai fait aussi  /$ $ ah oui ?  /$ ouais  ça c'est tout simple hein même toi tu peux le faire $ bah en tout cas c'est en tout cas c'est chouette  /$			1		
$ non non non non non non  /$ euh qu- ah ouais  non non pas du tout non non non ça fait ça fait ça fait deux ans quoi que je fais  d'accord d'accord d'accord $ que je fais ça  /$ mais je peux pas dire que ce soit un que ce soit un passe-temps quoi c'est euh  bah $ enfin je sais pas comment on pourrait on  /$ si c'est un passe-temps		1			
$ bah oui parce que ça  /$ $ ou alors toi tu peux fermer la  /$ $ ah bah non tu en as un aussi  /$ ira pas jusque là-bas  oui  /$  /$ merci    j'avais ouvert pour aérer mais    /$  /$ oui		1			
$ qu'est-ce que tu trouves euh  /$ $ agréable positif euh je sais pas comment on peut  /$ ouais  euh hm je peux $ faire dans un sens comme dans l'autre  /$ oui oui oui oui oui		1			
$ faire dans un sens comme dans l'autre  /$ oui oui oui oui oui $ je peux ouais  /$ euh bah  comme je disais  au début  ce qui m'a enfin ce qui m'n'a pas choqué mais ce qui m'a vraiment surpris c'est que bah moi évidemment je sortais d'un contexte étudiant et tout  et je trouvais qu'en arrivant à la ville bon déjà le climat aide pas mais je trouvais que la ville était vraiment euh  froide quoi $ oui  /$ que les gens les gens sont assez assez assez bourgeois assez hautains ils restent entre eux et tout  et ça je me disais  heureusement qu'il y avait donc les deux trois potes  ouais		1			
$ aussi quoi de euh  /$ $ tu sais que tu peux a-  /$ euh  pas aussi souvent que je voudrais mais ouais j'essaye j'ai quelques amis à Paris  donc ouais j'essaye de temps en temps de me faire des week-end  ouais $ euh  /$ mais disons que qu-  généralement quand je vais à Paris c'est dans un but euh  dans un but précis parce que genre je dois prendre l'a je dois prendre l'avion ou quoi			1		
$ euh  /$ $ ouais ouais ouais ouais ouais j'essaye euh  /$ les fêtes de Loire Fêtes de Jeanne d'Arc  les choses comme ça  quand je peux quand je suis là ouais  hm $ j'essaye euh  /$			1		
$ oui  /$ qu'est-ce que tu mets d'autre ?  ça suffit pas des oeufs pour faire une omelette de base ?  s- $ bah après tu peux tu peux mettre tu peux mettre des lardons du fromage  /$ $ ouais mais si- sinon une omelette de base  /$					
$ oui  /$ qu'est-ce que tu mets d'autre ?  ça suffit pas des oeufs pour faire une omelette de base ?  s- $ bah après tu peux tu peux mettre tu peux mettre des lardons du fromage  /$ $ ouais mais si- sinon une omelette de base  /$					
$ oui  /$ qu'est-ce que tu mets d'autre ?  ça suffit pas des oeufs pour faire une omelette de base ?  s- $ bah après tu peux tu peux mettre tu peux mettre des lardons du fromage  /$ $ ouais mais si- sinon une omelette de base  /$					
$ ouais Ok  /$ $ parfait  /$ je suis pas sûr d'avoir bon  mais bon  je peux t'expliquer comment on fait une quiche lorraine $ bah vas-y  /$					
$ faut pas  /$ $ bon bah je peux euh  /$ 					
$ oui  /$ $ oui oui c'est euh c'est dans la zone où tu as le bowling  /$ on peut faire du badminton  et voilà  c'est ça ouais ouais $ le Laser Quest et tout ouais  /$ ouais euh sal- Saran c'est bien parce que c'est vraiment juste à côté du boulot  et euh sinon tu as Olivet aussi et  ah mais Olivet ça te fait une trotte après			1		
$ ouais c'était différent ouais  /$ $ après ouais c'est ça c'est p-  /$ quand tu es étudiant  quand tu es étudiant ça peut aller  c'est pour ça que je euh je me permets pas trop de  ouais  ouais c'est ça c'est ça ouais $ comparer parce que à chaque  /$				1	
$ je sais pas  /$ /$  /$ /$  /$ $ ouais oh ouais  /$ que euh  bah c'est vrai  disons que si tu connais pas ouais ça peut être un peu galère euh hm  ouais et je connais pas du tout les petites rues tu vois euh $ après ouais moi j'ai l'habitude ouais voilà voilà tu as plein de petites ruelles et tout  /$ donc euh non ça va c'est pas trop galère  d'accord d'accord	1				
$ bah en fait j'aime pas le ski mais  /$ $ c'est vrai ? comment on peut faire  /$ j'aime la montagne $ j'aime la monta-  /$					
$ qu'est-ce que tu trouves euh  /$ $ agréable positif euh je sais pas comment on peut  /$ ouais  euh hm je peux $ faire dans un sens comme dans l'autre  /$ oui oui oui oui oui		1			
$ bon bah voilà  /$ $ euh on peut enchaîner sur l- d'autres questions culinaires si tu veux mais  /$ $ oh bah écoute  /$		1			
$ hm hm hm  /$ $ ah ouais carrément ouais  /$ les questions qui étaient posées y a quarante ans mais on s'est dit on veut garder une question  euh pour pouvoir comparer $ donc pourquoi pas une question culinaire ?  /$ hm			1		
$ par l'argent  /$ parce que même si c'est un bel appart il coûte un petit peu cher  hm $ quand même donc tout seul je pouvais pas l'assumer très longtemps  /$ en fait j'ai été au plus vite et euh en fait c'était le premier entretien $ d'accord  /$ j'ai eu plein d'autres contacts par mail et tout mais c'est la  première personne qui est qui est venue le visiter  hm			1		
$ que je fais ça  /$ mais je peux pas dire que ce soit un que ce soit un passe-temps quoi c'est euh  bah $ enfin je sais pas comment on pourrait on  /$ si c'est un passe-temps $ ouais  /$ si					
$ euh  /$ $ hm  /$ mais euh ouais je trouve qu'il y n'a pas mal de euh  toi tu pourrais le dire mieux que moi mais y n'a pas mal d'Erasmus ouais  y- c'est vrai qu'il y en n'a pas mal ou pas ? $ je sais pas  /$			1		
$ donc pourquoi pas une question culinaire ?  /$ hm $ euh et la question est la suivante est-ce que tu pourrais me dire comment tu fais une omelette ?  /$ une omelette ? $ oui  /$ je suis pas très fort pour faire les omelettes je fais plein de trucs alors pour une omelette il te faut  des oeufs		1			
$ hm hm  /$ et tu fais revenir euh jusqu'à ce que ça te fasse une pâte euh  une pâte homogène  je fais rarement d- je fais jamais d'omelette  c'est vrai et je sais c'est un plat tout simple  et je fais jamais d'omelette je fais plein d'autres trucs hein  mais euh $ mais tu pourras me raconter une autre recette hein si tu veux  /$ $ mais je veux quand même l'omelette  /$ /$  /$		1			
$ donc là j'ai fait trois ans là-bas  /$ et donc après bah je suis remonté pour trouver du boulot et puis bah j'ai trouvé euh  j'ai trouvé mais  par hasard à Orléans d'accord $ vraiment par hasard j'ai trouvé ici quoi j'aurais pu me retrouver n'importe où  /$ $ ouais  /$ donc voilà j'ai trouvé à Orléans			1		
$ donc le squash et puis euh  /$ $ le squash et puis et puis euh bah en fait c'est pas euh  /$ je sais pas  si alors si je fais pas mal de euh pas mal de euh de boulots ici là tous les  tous les trucs alors tu as pas vu encore quoi toutes les sculptures que j'ai pu faire  et je travaille pas mal le euh  d'accord $ pas mal le bois  /$			1		
$ là-dessus c'est appréciable  /$ vous avez un vous avez un garage ?  non pas  non ah ouais hm $ de garage c'est le seul petit truc mais euh  /$ mais généralement le soir tu vois à partir de ces heures-là des  là tu as pu te garer ? $ bah en fait je suis allée directement au parking euh  /$			1		
