phrase	éventualité	permission	possibilité matérielle ou capacité	sporadicité	doute
$ hm  /$ parce que sinon se garer c'est  pas très euh  et puis j'ai remarqué que les places de parking sont  très très étroites dans les  hm ah oui c'est vrai $ parkings euh publics  /$ avant j'avais un Evasion je peux vous dire euh    alors là $ impossible de  /$		1			
$ oui  /$ s- c'est  ça fait    c'est vrai que c'est  /$  /$ $ moi je peux vous dire que mon fils il avait une euh  /$ une petite copine de classe qui a été Jeanne d'Arc $ ah bon  /$ oui		1			
$ et tout donc euh le  /$ et elle sert euh comment vous dire d'interprète pour euh  le ministère de la Justice et de l'Intérieur $ hm hm  /$ et elle ne chôme pas je peux vous dire qu'elle ne chôme pas  /$  /$ $ non non j'imagine oui  /$ /$  /$ non non mais c'est sûr que dans dans		1			
$ euh ben je casse mes oeufs  /$ la recette préci-  euh je fais revenir des la-  des lardons avec euh  des croûtons vous savez des croûtons que j'achète moi parce que je les fait pas  euh croûtons  et euh une fois qu'ils sont bien revenus je fais flamber  je mets un petit peu de Cognac je fais flamber je fais attention de pas mettre le feu à la hotte  comme j'ai fait une fois $ ah oui  /$ et après je mets mes oeufs battus  puis ça fait une grosse omelette  fait euh  je peux même mettre des pommes de terre  hm hm $ pour ajouter  /$ voilà moi là comment je fais l'omelette  /$  /$ sinon moi c'est une omelette je la fait pas euh  à chaque fois hein				1	
$ oui  /$ parce que bon bah je vais dire y a une grosse partie de ma vie déjà  j'ai vécu euh dix-neuf ans à Tours  là ça fait trente-deux ans que je suis sur Orléans  non j'ai  comme on dit on fait son nid  hm hm $ on fait son nid on se fait des amis c'est vrai de quitter une euh  /$ une ville et puis non puis moi c'est vrai que maintenant bon je peux pas dire que j'aime euh  euh  une chose quand même qui est qui est significative je ne retiens pas le nom des rues à Orléans $ hm hm  /$ celles de Tours je m'en rappelle toujours		1			
$ hm  /$ c'est un monde à part hein on  hm $ peut pas le comparer avec c'est des gens qui restent dans leur coin dans leur euh  /$ milieu et on se mélange pas aux autres  voilà $ et donc vous trouvez qu'ils parlent une langue euh particulière euh comme ça  /$		1			
$ d'accord  /$ donc euh depuis deux mille-trois  et auparavant j'ai habité à La Source depuis soixante-dix-sept  je suis venue pour mon travail j'ai été nommée à un concours euh de la Poste  donc ici  et j'ai été nommée au centre financier de la Source  donc je travaille depuis trente-deux ans à la Source $ ah oui  /$ et oui  j'ai fait pour ainsi dire tous les services qui peut exister à la Source  et là je suis euh  en train de peut-être changer de ministère euh  on m'a proposé un poste au ministère de la défense  donc j'attends  /$  /$ parce que faut bien dire que la Poste on est une des administrations  où on est fonctionnaire c'est un fait mais on n'est pas payé par l'Etat $ oui  /$ nous sommes payés par euh ben par les fonds de la Poste on s'autogère  tandis que le ministère de la défense c'est l'Etat  et y a une euh différence de concordance entre les indices et  donc je suis en pourparlers  /$  /$ pour pas ne perdre d'argent parce que pour la retraite c'est quand même important	1				
$ j'ai fait euh  /$ $ depuis soixante-dix-sept  /$ en fait si on peut re- juste reprendre de de presque depuis le début c'est à dire que  vous avez commencé par quoi ?  j'ai commencé euh  ben ça va être très technique c'était euh  tous les chèques bancaires qui arrivaient  au centre de chèques fallait vérifier c'était un  un moment où on vérifiait tout hein euh  bon ça a beaucoup changé depuis on vérifiait tout $ hm hm  /$ alors j'ai donc tout commencé après j'ai fait différents services les titres  la bourse donc    j'ai fait les crédits immobiliers les crédits consommations    et là j'étais à la lutte anti-blanchiment anti-fraude et anti-terroriste  voilà		1			
$ parce qu'on ne sait exactement ce qu'ils font  /$ $ ça peut être justifié hein  /$ $ hm hm hm hm hm  /$	1				
$ alors une journée de travail c'est-à-dire qu'on a des signalisations vous savez très techniques hein  /$ là  ah oui mais avec plaisir $ qui nous arrivent des bureaux de Poste par exemple parce que les bureaux de Poste  /$ ils doivent être sensibilisés à la lutte anti-blanchiment  donc ils nous envoyaient des signalisations fallait les traiter  les signalisations de nos collègues des autres services du centre de chèques aussi  parce que comme on a les comptes on peut voir oh y a  fonctionnement atypique ça c'est une phrase qui revient souvent dans le    ben dans les termes hein fonctionnement atypique d'un compte  on sait par exemple la profession d'une personne et on s'aperçoit qu'il a  des versements espèces ou des retraits espèces vraiment  c'est pas le fonctionnement  c'est des opérations complexes c'est  pas en rapport avec euh sa situation $ hm hm  /$ alors donc on étudie les comptes on va chercher on fait beaucoup de recherche  mais c'est comme tout ce qui est travail c'est un travail très minutieux donc maintenant  on passe dans une autre politique il faut de la productivité			1		
$ bah je pense que c'est un travail très très intéressant  /$ vous trouvez  c'est-à-dire qu'on on cherchait  bah on fouillait dans la vie des gens hein ça faut pas être euh $ hm hm  /$ et c'est vrai qu'on peut découvrir des choses des euh  c'est un travail de recherche  de minutie alors et en plus de ça on faisait aussi les malversations internes  savez et puis tout ce qui a rapport à la déontologie hein $ hm hm  /$ hm				1	
$ hein je n- voilà je n'approfondis pas encore euh parce que moi je fais que du premier niveau hein  /$ $ hm hm  /$ mais après donc y a d'autres personnes qui font du deuxième niveau et y a des fois ça peut être euh    ça peut être justifié hein euh  donc puis après ça part au ministère des finances après ça va sur le  la table du juge et c'est lui qui euh $ ah oui après c'est  /$				1	
$ hein je n- voilà je n'approfondis pas encore euh parce que moi je fais que du premier niveau hein  /$ $ hm hm  /$ mais après donc y a d'autres personnes qui font du deuxième niveau et y a des fois ça peut être euh    ça peut être justifié hein euh  donc puis après ça part au ministère des finances après ça va sur le  la table du juge et c'est lui qui euh $ ah oui après c'est  /$				1	
$ je n'en sais rien  /$ $ on sait pas la vie euh ce qu'elle peut  /$ $ bah oui là si vous changez euh de  /$			1		
$ d'accord  /$ en sous-traitant il a eu trois contrats vous savez trois CDD  hm $ et puis léa- l'excuse c'est on est en crise on peut pas t'embaucher  /$ mais pendant une semaine il a formé son remplaçant vous voyez donc ce $ hm hm  /$ je comprends que les jeunes ils soient un peu révoltés		1			
$ oui oui j'imagine bien  /$ $ donc euh sur on on peut parler un petit peu des des des loisirs euh après ce  /$ $ euh cette discussion sur sur sur le t- sur le travail vous  /$		1			
$ hm hm  /$ ouais mais là non moi je suis euh très contente de la médiathèque de la Source  hm $ hein je ne connais pas les médiathèques euh qu'il peut y avoir dans les autres quartiers  /$ mais celle de la Source très bien $ oui c'est-à-dire que c'est la l-  /$	1				
$ la plus grande enfin c'est la seconde médiathèque après la  /$ $ celle d'Orléans ah oui non non très bien et puis ils ont un choix de livres euh  /$ euh bibliothèque centrale oui donc  vraiment euh parce que s'ils l'ont pas là ils peuvent euh  bon ils font des échanges entre eux si on l'a pas on peut le commander $ hm hm  /$ je voyez même les CD qui y avait en  y a vraiment de tout hein		1			
$ hein le le soir  /$ $ donc c'est ça qui peut expliquer le  /$ $ le caractère froid euh  /$	1				
$ ah vous participez euh  /$ $ vie des gens là hein s- ah oui oui là c'est ouais ouais  /$ des langues qu'ils entendent dans le t-  ah oui oui oui oui ça oui ou les sonneries et les et les  discussions  on peut part- on peut participer à beaucoup de discussions oui  ouais c'est c'est vrai moi j-  non mais je trouve qu'Orléans en l'espace de euh  je dirais une quinzaine d'années s'est quand même ouvert au  c'est vrai moi j'ai une très bonne amie c'est une Roumaine $ hm  /$ elle est venue hein euh    oui ses enfants euh  ils avaient trois ans je crois quand elle est arrivée donc ils ont l'âge de mes enf- l'âge de mon fils  et euh  elle elle s'y plaît beaucoup à Orléans			1		
$ ah vous participez euh  /$ $ vie des gens là hein s- ah oui oui là c'est ouais ouais  /$ des langues qu'ils entendent dans le t-  ah oui oui oui oui ça oui ou les sonneries et les et les  discussions  on peut part- on peut participer à beaucoup de discussions oui  ouais c'est c'est vrai moi j-  non mais je trouve qu'Orléans en l'espace de euh  je dirais une quinzaine d'années s'est quand même ouvert au  c'est vrai moi j'ai une très bonne amie c'est une Roumaine $ hm  /$ elle est venue hein euh    oui ses enfants euh  ils avaient trois ans je crois quand elle est arrivée donc ils ont l'âge de mes enf- l'âge de mon fils  et euh  elle elle s'y plaît beaucoup à Orléans			1		
$ hm hm  /$ mais c'est pareil Internet euh j'ai Internet mais euh  j'ai euh je passe pas mon temps dessus $ non ben  /$ non non ça me  puis je trouve que ça peut être dangereux euh $ hm hm  /$				1	
$ non ça  /$ bon  c'est l'évolution de la société euh  ceux que je trouve  euh je veux dire plus agressif ce sont les filles $ ah bon  /$ les garçons non mais euh  les filles je les trouve euh bon  /$  /$ hm  parce que les garçons euh vous pouvez le voir ils s'excusent ou $ hm hm  /$ moi j'ai jamais eu de de problème euh  mais je vais vous dire aussi y a des gens dans le tram qui cherchent les problèmes hein  ah ouais					
$ une omelette  /$ /$  /$ $ donc euh si vous êtes d'accord est-ce que vous pouvez m-  /$ $ d'abord me dire si vous vous faites des omelettes  /$		1			
$ non non  /$ mais c'est un truc c'est vrai j'avais vu ça dans un film c'était un film c'était sur Napoléon  et y avait Roquevert qui devait être le cuisinier ou je sais plus quoi ou l'intendant    qui faisait ça à manger à Napoléon  /$  /$ $ alors vous pouvez vraiment m'expliquer la la la  /$ $ euh ben je casse mes oeufs  /$ la recette préci-  euh je fais revenir des la-  des lardons avec euh  des croûtons vous savez des croûtons que j'achète moi parce que je les fait pas  euh croûtons  et euh une fois qu'ils sont bien revenus je fais flamber  je mets un petit peu de Cognac je fais flamber je fais attention de pas mettre le feu à la hotte  comme j'ai fait une fois		1			
$ hm hm  /$ vous avez le long de  comment ça s'appelle à côté de Jargeau ?  Saint-Denis-  de-l'Hôtel $ Saint-Denis-de-l'Hôtel oui  /$ oui vous avez une  pouvez faire une très grande balade à pied le long de la Loire  ah oui $ ah c'est  /$			1		
$ ça compense un peu  /$ et donc là donc comme je savais que le service allait partir j'ai donc euh  j'ai cherché savez sur les sites Internet euh    c'est la bourse euh interministérielle  donc et j'avais trouvé un poste au ministère de la Défense  contrôleur interne bon c'est ce que je fais un petit peu aussi    mais ça pose énormément de problèmes dans les euh  les indices avec les fonctionnaires avec les indices rien ne correspond  hm hm $ euh  /$ bon alors  pour l'instant c'est en pourparlers mais je  je laisse couler comme j'ai dit j'aurais obli- j'aurais forcément  un emploi dans l'immeuble  je suis fonctionnaire c'est pas comme des collègues qui peuvent être salariés $ hm hm  /$ donc là c'est  ça me fait pas euh  je suis pas soucieuse euh parce que je sais que j'aurai un travail				1	
$ quand même hein  /$ la collège un peu plus loin bon le lycée il l'a fait sur Orléans à  hm $ Benjamin Franklin  /$ mais c'était le bonheur quand même  est-ce qu'il y a beaucoup d'enfants qui peuvent dire ou même moi je prenais mon vélo $ hm hm hm  /$ aller au travail en vélo non mais c'était euh  enfin bon puis nous sommes partis mon mari il a été à la retraire donc ça nous a fait une occasion aussi pour partir  mais je veux dire que la vie à Olivet ne me plait pas du tout			1		
$ la plus grande enfin c'est la seconde médiathèque après la  /$ $ celle d'Orléans ah oui non non très bien et puis ils ont un choix de livres euh  /$ euh bibliothèque centrale oui donc  vraiment euh parce que s'ils l'ont pas là ils peuvent euh  bon ils font des échanges entre eux si on l'a pas on peut le commander $ hm hm  /$ je voyez même les CD qui y avait en  y a vraiment de tout hein					
$ oui  /$ ouais $ même qu'au début j'avais dit à ma mère  /$ j'ai dit oh je pourrais jamais m'y faire  mes parents j'ai dit je pourrais jamais m'y faire et puis  j'y suis restée    /$  /$ /$  /$ $ et euh hm  /$			1		
$ oui  /$ ouais $ même qu'au début j'avais dit à ma mère  /$ j'ai dit oh je pourrais jamais m'y faire  mes parents j'ai dit je pourrais jamais m'y faire et puis  j'y suis restée    /$  /$ /$  /$ $ et euh hm  /$			1		
$ mais c'est très très beau  /$ $ hm hm  /$ parce qu'elle essaye toujours de trouver des chants où tout le monde puisse chanter à part égale $ ah oui  /$ ouais  et c'est très très beau ce qu'on fait  enfin c'est faudra venir écouter  ah bah oui ave- ave- a  avec plaisir		1			
$ c'est très individuel c'est pas en équipe c'est c'est  /$ $ on était quatre personnes bon on pouvait se de- demander  /$ vraiment entre  par exemple tu ferais quoi tu ferais ci mais on a un travail très très  on avait euh on montait donc des dossiers donc pour le fameux Tracfin  on fait que du soupçon nous à notre niveau on ne que s- on soupçonne les gens c'est tout  hm  hm $ parce qu'on ne sait exactement ce qu'ils font  /$		1			
$ puis vous avez une journée libre à Paris donc vous faisiez ce que vous voulez  /$ moi c'était les  donc les musées parce que j'ai un fils qui était passionné de musées $ et vous pouviez l'emmener là av- dans les  /$ $ ah oui  /$ dans les v- ah oui  il payait euh moins de douze ans c'était gratuit après c'était payant  oh ça n'existe plus hein ça  ah bon non mais c'était  /$  /$ non non tout ce qui est social je dis faut bien l'oublier que			1		
