phrase	éventualité	permission	possibilité matérielle ou capacité	sporadicité	doute
après tout aller dans une boutique de livres  voir tous ces étalages de livres ça  ça hm  ça transporte  hm $ si je peux dire /$ ça comme ça  hm		1			
$ par leur DRH et /$ mettre des photos de  beuverie  même si je n'en ai aucune  ça peut ne pas être à notre avantage $ ah c'est sûr  /$					
$ valorisant on va dire  /$ $ même si on peut choisir avec /$ pour un pour le sérieux					
$ faut faire la part des choses /$ il me semble qu'on peut choisir avec qui  oui tout à fait mais je pense $ on partage et cetera mais bon si le  /$					
$ donc euh /$ ça permet de  relier encore plus la périphérie euh  au centre-ville d'Orléans donc euh  à mon avis ça ne peut être qu'une bonne chose  surtout que ça passera  pas si loin de ch-  que ça de chez moi à dix minutes à peu près  en voiture de chez moi donc euh $ donc peut-être que après tu seras amenée à l'utiliser  /$					
$ mots certaines expressions /$ hm peut-être  mais bon ça ne peut pas être pire  que ceux du sud de la France  ah non c'est sûr $ si ?  /$					
$ qui ont toujours le /$ euh  attends  j'ai un train de retard  tu peux répéter ? $ j'arrive pas à te suivre  /$		1			
$ y a aussi /$ OK  certaines expressions  et ceter-  euh qui peuvent surprendre là je n'ai pas d'exemple en tête  mais je sais qu'il y en a certaines  qui sont un peu euh  particulières mais  bon c'est un  c'est un peu comme euh  comme  comme si on allait dans chaque région  hm $ y a forcément /$				1	
et euh  à mon avis euh  il faut quand même qu'ils fassent euh un un travail  sur la langue euh  classique parce que c'est tout de même celle qui reste la plus utilisée  tout à fait ouais $ on ne peut pas écrire en /$ en langage SMS  dans les copies de français		1			
$ hm /$ personne n'a l'occasion  enfin rares sont les gens qui peuvent et surtout à ton âge  je trouve ça vraiment euh  ouais j'ai  super enrichissant ouais $ j'ai vraiment de la chance /$			1		
$ voilà exactement  /$ $ est-ce que tu peux me  /$ $ me donner ta recette de l'omelette ?  /$		1			
voilà un petit clin d'oeil pour finir  j'ai fait des oeufs sur le plat ce midi  ah bah voilà parfait $ je peux bien te dire la recette de l'omelette  /$ $ alors vas-y je t'écoute /$			1		
aux nouvelles technologies  en faisant des logiciels  mais éducatifs par exemple ou bien des  scénarios pédagogiques  ouais vraiment le vocabulaire est très spécifique  et pour quelqu'un qui ne connaît pas  c'est un peu difficile $ ah il peut se demander /$ qu'est-ce que c'est que ce truc-là ?  est-ce que ça se mange ?  tu es sûre que c'est digeste ton truc  parce que là euh  oui c'est vrai que	1				
$ le subjonctif /$ et cetera  pour pouvoir réellement euh  être sûre d'avoir des notes correctes  et vu que le japonais  c'est on commence de zéro et on va et on monte petit à petit  tu avais plus de chances $ donc euh  /$			1		
$ à l'étroit ouais /$ on allait être un peu les uns sur les autres  et la vie à Paris c'est pas donné donc euh  voilà même si mon père  pouvait déjà exercer euh  exercer sa fonction de médecin  d'accord il est médecin $ ça /$		1			
$ vu que ma grand-mère paternelle avait le pied /$ ouais tu tu compensais quand même euh  dans le plâtre  et elle pouvait pas monter les marches  euh qui allaient jusqu'à la planche à repasser  donc euh  voilà  donc t'étais chargée de  de ça $ c'était pas  /$			1		
$ voilà /$ c'est ça ?  justement je me dis  comment est-ce que je vais pouvoir utiliser mes capacités informatiques ?  dans lo-  lorsque j'ai vu en master un  qu'il y avait euh  la création de logiciels et cetera  avec la charte graphie j'ai fait    c'est génial $ l'illumination  /$			1		
$ c'est clair /$ donc euh je me pose des questions OK ils roulent pas sur l'or  mais bon on pourrait euh  recréer plus d'emplois  montrer que c'est sexy de travailler dans l'agriculture  des choses comme ça  bah c'est vrai  je sais pas $ puis  /$					
$ donc on va pas leur donner nos nos super vêtements /$ oui donc ça fait pas oui voilà  donc euh si jamais on a des filles  hm  c'est vrai que ça pourra resservir pour les petits enfants $ voilà vu que  /$	1				
et en plus $ on pourrait dire /$ euh ils n'ont plus aucun respect  pour les professeurs  les parents estiment que les  professeurs doivent éduquer leurs enfants		1			
$ et cetera /$ et euh hm  les parents déchargent beaucoup trop leurs responsabilités  alors qu'en fait euh en assumant pleinement leurs responsabilités  à mon avis  ouais ça pourrait  hm $ ils euh réussiront à avoir  /$	1				
$ mon père était /$ apparemment l'un des médecins les plus jeunes  donc il était plus ou moins sûr qu'il euh  pourrait rester jusqu'au bout  hm $ et puis /$		1			
$ il va se passer quelque chose tu vas faire la route tous les jours ? /$ euh avec un peu de chance  il y a quelqu'un qui pourra me loger sur Paris $ d'accord  /$			1		
ce qui fait que  ça r-  ça reprend un peu le parcours des  des ES  mine de rien avec euh l'économie et puis  le droit  ouais tout à fait ouais $ ça peut toujours servir /$ et euh  la civilisation  donc y a un peu d'histoire quand même  vu que l'histoire qu'on apprend au lycée  c'est plus euh l'histoire de France  et cetera qu'on a déjà vu euh  encore et encore  depuis la  la primaire oui je pense	1				
/$ $ ah bah après on peut pas être  /$ $ j'ai essayé de combler  /$			1		
$ Paris c'est un petit monde /$ monst-  quand même hein  on sait jamais ça peut toujours euh  ouais mais en arriver là vraiment euh $ subsister dans certains quartiers /$	1				
$ des souvenirs /$ voilà donc on peut pas se résoudre euh s'en séparer  ouais je comprends ouais $ y a aussi des vieux vêtements /$			1		
$ hm /$ donc on doit pas se maquiller  donc on est plus ou moins mal dans notre peau  vu qu'on est sans cesse complexé  on peut pas porter une jupe  ouais c'est vrai  hm $ même si elle est longue  /$		1			
$ une mauvaise mentalité  /$ $ mais bon malheureusement on peut  /$ $ on peut rien faire contre /$					
$ mais bon malheureusement on peut  /$ $ on peut rien faire contre /$ à part espérer qu'on élève mieux nos gamins  pour avoir une génération un peu moins débile					
$ c'est le prof /$ de français qui a son mot à dire  et pas le  le professeur de dessin  qui connaît peut-être lui-même les illustrateurs de bande dessinée  qui peut l'aiguiller qui peut éventuellement  faire faire un stage  hm $ auprès de /$			1		
$ c'est le prof /$ de français qui a son mot à dire  et pas le  le professeur de dessin  qui connaît peut-être lui-même les illustrateurs de bande dessinée  qui peut l'aiguiller qui peut éventuellement  faire faire un stage  hm $ auprès de /$			1		
avec ça je sais pas  je sais pas vraiment  bah écoute c'est plutôt $ ce qu'on peut en penser mais  /$ $ plutôt bien  /$	1				
et donc elle  elle a toujours eu de très bonnes notes là  et donc elle a eu son diplôme d'illustrateur de BD donc euh  au final euh  je trouve que  qu'essayer absolument  d'orienter les gamins  selon leurs résultats  et pas selon ce qu'ils veulent  alors que s'ils sont décidés et cetera  après oui y en a $ ils peuvent le faire  /$ $ qui savent pas mais y en a qui veulent vraiment  /$			1		
