phrase	éventualité	permission	possibilité matérielle ou capacité	sporadicité	doute
$ la passerelle /$ maintenant enfin je trouve que ça ouvre vraiment le le quartier euh et que ça nous donne accès à des espaces vachement int- vachement sympas et d'autant plus sympas avec des enfants tu vois quand je je je fantasme à l'idée d'habiter dans un dans un joli quartier parisien je peux pas m'empêcher de me dire ben au fond les jolis quartiers parisiens ils sont super denses quand tu as un square à trois rues de chez toi c'est c'est déjà le maximum moi j'apprécie le fait que que que le tissu soit un peu plus relâché ici et puis et puis voilà cet accès à la Seine le grand espace qui entoure la BNF et tout ça enfin tout ça je trouve ça au fond très très appréciable $ oui /$			1		
$ seule ou /$ $ enfin ça peut arriver /$ $ je peux arriver /$				1	
$ enfin ça peut arriver /$ $ je peux arriver /$ $ je veux dire /$					
$ je veux dire /$ je peux rentrer seule sans aucun problème j'ai jamais eu aucun souci et et je c- je crois pas que j'en aurais ou en tout cas pas plus qu'ailleurs quoi $ ouais /$			1		
$ non /$ $ dans dans le collège poubelle du coin non ça c'est clair je peux pas /$ $ ça ça tu peux pas /$		1			
$ dans dans le collège poubelle du coin non ça c'est clair je peux pas /$ $ ça ça tu peux pas /$ non je voudrais éviter l'élitisme mais assurer quand même un bon niveau scolaire		1			
$ sinon tu évites /$ et quand je peux je privilégie le le vélo $ donc tu tu /$			1		
et donc je pense qu'ils ont ils ont fini par avoir raison des des petits délinquants du coin $ ça peut marcher /$ $ parfois /$				1	
$ parfois /$ $ ça peut marcher ouais /$ je sais pas jusqu'où ils ont repoussé la délinquance				1	
$ oui oui /$ $ les limites qu'on peut pas dé- /$ ah ouais non		1			
ah ouais non $ qu'on peut pas franchir /$ mais non parce que maintenant avec le recul du temps euh d'ailleurs je trouve que mes parents enfin ils ont fait les bons choix de fait mais ils étaient d'une naïveté hallucinante quoi enfin bon en même temps quand tu as un enfant qui fait un choix en pleine adolescence c'est difficile		1			
$ ici /$ ic- enfin on est bien au quotidien mais en même temps on peut difficilement avoir des projets un peu plus ambitieux pour l'instant $ d'accord /$			1		
$ et qu'est-ce que c'est /$ alors ce sont des barres au sol donc c'est un truc tout nouveau pour moi en fait c'est c'est un truc qui est qui est très franchement inspiré de la danse classique j'en ai jamais fait de ma vie donc je suis je suis de loin la plus disgracieuse de toutes mes petites camarades de cours euh mais mais ça me plaît beaucoup c'est c'est c'est en fait enfin ça peut s'apparenter $ à de la gym /$	1				
$ ouais non /$ $ c'est vrai qu'on peut le faire comme ça aussi /$ $ très bien /$			1		
$ ah /$ non non aujourd'hui euh je crois que je connais on connaît plus qu'une famille qui habite là-bas y a eu pas mal de turnover et puis sinon les gens qui sont restés c'est pas f- enfin on on (n')est pas restés en lien avec eux donc on il reste plus qu'une famille là-bas enfin d'ailleurs une euh un couple maintenant dont les enfants sont sont partis depuis quelques années euh et non c'est plus du tout la même ambiance déjà ils ont fermé les les accès maintenant avant les tu pouvais accéder très librement euh à la Dalle par les escaliers les rampes et cetera $ ouais /$					
$ et /$ quand euh quand je suis née il commençait son son activité enfin en tout cas il pouvait largement euh à la fois s'occuper de moi et mener à bien son son son activité $ d'accord /$			1		
$ d'accord /$ s'il pleuvait si enfin si le temps était vraiment très mauvais on pouvait toujours se rabattre sur le vingt-sept mais on faisait essentiellement les les navettes à pied $ et pour le retour aussi /$			1		
$ oui /$ où chacun avait sa chambre et où mon père pouvait s'aménager un bureau $ donc avec quatre /$			1		
$ ouais /$ enfin pour négocier le truc auprès du du directeur du du lycée Claude Monet et en fait elle m'a complètement oubliée et du coup je me suis retrouvée dans une charrette c'est-à-dire que en fait il y avait des- il y avait des échanges entre entre Fénelon et Louis-le-Grand d'étudiants enfin d'élèves qui alors attends c'- le le bins c'était genre les étudiants enfin les élèves de section scientifique de Fénelon qui voulaient passer en Terminale euh littéraire Fénelon pouvait pas les accueillir parce qu'il y avait il y avait il y av- enfin cette classe littéraire était bon- blindée $ surchargée /$			1		
$ oui /$ donc j- je me souviens avoir enfin que je constatais avec désespoir à l'époque tu vois la la la la destruction de tous ces ces petites bicoques ces ces maisons qui pouvaient être d'ailleurs assez assez jolies il en reste une dans le square qui a été transformée là en maison des sens $ ah /$				1	
$ tu as été dans une autre station /$ ah non je j'étais crevée j'en pouvais plus je l'ai laissé je l'ai laissé dans le hall de l'immeuble du coup ça m'a coûté cher je l'ai remis le matin $ ah oui /$					
$ d'accord /$ ouais c'est vrai qu'on pourrait passer par la Salpé et rentrer par enfin du côté d'Austerlitz $ ouais /$			1		
$ ah ouais /$ là tu vois on a on a une vue sympa on est bon enfin bref toujours est-il que au fond dans cet appartement j'ai l'impression de de d'être un petit peu épargnée par la vue que pourrait procurer de ce quartier quoi enfin tu vois $ je trouve qu'on /$	1				
$ donc j'ai j'ai /$ plein de copains de rive gauche qui ont migré dans la rive droite et moi-même j'y ai vécu un peu mais ouais je suis quand même assez attachée à la à la rive gauche euh bon enfin bon je je pourrais je pourrais passer la Seine hein évidemment mais $ et /$			1		
$ donc j'ai j'ai /$ plein de copains de rive gauche qui ont migré dans la rive droite et moi-même j'y ai vécu un peu mais ouais je suis quand même assez attachée à la à la rive gauche euh bon enfin bon je je pourrais je pourrais passer la Seine hein évidemment mais $ et /$			1		
$ mais /$ $ ça ça pourrait être /$ $ pour l'instant on (n')a pas les moyens de /$	1				
$ c'est ça /$ ouais un ob- ouais enfin disons que l'objectif ça pourrait être l'objectif ça va être à court moyen terme de s'agrandir et du coup ça pourrait être celui de changer de quartier mais en même temps on a des moyens limités pour l'instant donc je pense que la marge de manoeuvre serait assez étroite $ d'accord /$	1				
$ c'est ça /$ ouais un ob- ouais enfin disons que l'objectif ça pourrait être l'objectif ça va être à court moyen terme de s'agrandir et du coup ça pourrait être celui de changer de quartier mais en même temps on a des moyens limités pour l'instant donc je pense que la marge de manoeuvre serait assez étroite $ d'accord /$	1				
$ je vois je vois pas /$ je vois pas comment ça pourrait mal évoluer là $ et ta fille alors tu la laisseras plutôt dans une école un collège du quartier /$	1				
$ Capucine crèche parentale /$ il faut que j'explicite effectivement tout ça et euh et puis c'est vrai qu'étant donné son âge euh je m'étais dit que peut-être le jardin d'enfants euh pourrait être une voilà un intermédiaire un peu sympa et bien adapté à son âge et puis voilà c'est vrai qu'il y avait l'idée que j'avais connu ce ce lieu que ça avait été super et que enfin je sais pas il y avait une confiance $ d'accord /$	1				
$ ouais ouais ouais /$ il pourra pas s'arrêter $ ah il y a des gens qui s'arrêtent pas /$			1		
$ ouais l'adolescence /$ voilà l'ad- l'adolescence mais bon voilà globalement je me retrouvais pas trop là-dedans et alors curieusement je m'étais je m'étais euh imaginé que je pourrais regagner le Treizième alors que alors que je l'avais jamais vraiment apprécié bon en tout cas que je l'appréciais pas depuis que j'étais en en âge de d'évaluer un peu mon cadre de vie et du coup je m'étais dis ben voilà en fait tu vas rentrer dans le Treizième tu vas aller au lycée Claude Monet qui était réputé pour être $ un super bon lycée /$			1		
$ d'accord /$ probablement un peu aveugle et idiote mais euh mais ça me plaisait bien quoi l'idée qu'il puisse intégrer ce cette structure $ que toi-même /$		1			
$ d'accord /$ euh je sais pas comment il a fait d'ailleurs parce que moi je sais que j'avais la prétention de faire que des trucs style biblio et autres quand Laura est née parce que j'étais en plein de f- en train de finir ma thèse et et j'ai pas pu faire quoi que ce soit de de ces petites bricoles que je pensais tu vois $ ouais /$			1		
donc donc voilà on s'est fait enfin je me suis fait domicilier chez lui et du coup j'ai eu $ tu as pu aller /$ $ dans ce collège /$		1			
donc donc j'ai même fait des rencontres hallucinantes enfin que j'aurais $ jamais pu faire /$ $ ouais /$			1		
$ ouais /$ dans ma famille on est enfin voilà on est portés un peu par par par enfin par des valeurs de gauche on est un peu bobo mon père est dessinateur donc dans un environnement quand même très très artistique et cetera enfin ça d- ça aurait pu bien coller à Fénelon mais c'était pas tout-à-fait le cas et et donc à à à Louis-le-Grand ce qui était rigolo c'était cette diversité-là tu vois il y avait je sais plus il y avait une une une fille qui devait être euh d'origine égyptienne en gros qui débarquait du pays alors qui était d'un milieu très favorisé en Egypte mais mais qui représentait vraiment un autre monde euh je me souviens d'un d'un gars qui lui a fini prêtre donc qui était issu d'une famille catholique très traditionnelle limite facho donc moi j'avais jamais vu de facho de ma vie si tu veux donc j'avais fait ce ce type de rencontres $ très étonnantes /$			1		
$ ouais /$ enfin très cher je sais pas j'aurais pu faire sans mais c'était un c'était quand même un petit handicap si j'avais voulu continuer et m'engager dans une carrière académique ça aurait pas été évident $ ben c'était pas /$		1			
$ ouais /$ et puis au bout de quelques semaines par hasard je suis tombée sur cet appart donc cet appart qui était beaucoup plus grand que ceux qu'on avait pu visiter $ oui /$			1		
$ oui /$ surface il y avait un ratio surface prix qui était beaucoup plus intéressant que tout ce que j'avais pu voir dans des quartiers réputés pour être moins chers et du coup je suis allée le voir il était dans un état atroce mais j'ai tout de suite vu qu'il y avait de quoi en faire un truc à notre goût sympathique je trouvais que les les pièces étaient de belles proportions les chambres sont sont sont pas immenses mais elles sont plutôt plus grandes que la moyenne donc enfin bref je me suis dit ok il y a un truc à faire et alors après le calcul le le le le calcul que j'ai fait c'est que euh le petit plus qu'on mettait dans le loyer $ ouais /$			1		
