phrase	éventualité	permission	possibilité matérielle ou capacité	sporadicité	doute
 bon je reviens sur cette euh ce problème qui est un problème euh voilà de d'être chez moi combien de fois ça m'est arrivé bon ben là tu vas boulevard Voltaire c'est pas loin euh tu tu j'y vais à pieds je suis chez moi je me conditionne dans mon appartement en me disant j'y vais à pieds moi ma voiture elle est garée dans la rue j'ai un stationnement résident je passe devant je ne peux pas m'empêcher d'ouvrir euh la porte de monter dedans et et d'aller euh à euh voilà cinq minutes en voiture ce qui me mettrait peut-être euh un petit quart d'heure à pieds donc au dernier moment je prends ma voiture $ mais pour l'instant c'est une vraie question hein pour l'instant c'est quand même en termes de temps rentable aussi de prendre la voiture c'est ça va plus vite qu'à pieds /$			1		
$ et c'est aussi des accros de la voiture /$ euh non elles marchent elles se non non elles ont tendance à non non elles adorent marcher puisque moi voilà je peux me dire mais je viens te chercher tu finis tard tu seras voilà non non non laisse-moi marcher laisse-moi marcher donc euh non non pareil qu'elles marchent elles prennent pas le métro pour faire quatre cinq stations elles prennent pas le métro elles y vont à pieds $ d'accord alors si on revient euh en arrière donc à votre enfance dans euh le onzième c'était quoi une enfance de petite fille euh dans le onzième arrondissement près de la place Voltaire /$					
$ place et donc /$ voilà euh si je les aide à faire leurs devoirs elles vont mo- mieux travailler que d'autres euh ma fille est rentrée elle a fait son lycée à Hélène Boucher elle m'a dit maman j'ai pas vu un black et un Arabe alors qu'au collège elle en avait plein donc à partir de là ses amis elle les elle revoit quand même des des copains blacks ou qui font de voilà de la musique ou qui font des des fringues des trucs comme ça qui ont été dans des lycées un peu techniques elles les revoit mais je peux vous dire qu'à Hélène Boucher alors là on est dans le vingtième mais bon euh elle a été pas un black pas un Arabe donc elles les perd $ il y a des classes il y a des classes /$		1			
$ mais qui sont des classes ségréguées /$ $ ah ben au lycée pas au lycée au collège oui au collège ils prennent tout le monde mais au lycée je peux vous dire que c'est /$ $ ils ont été obligés ah non pas au lycée au collège /$		1			
$ et donc le l'école justement la vôtre et puis celle des enfants euh vous en avez plutôt de bons souvenirs ou pas de souvenirs du tout alors vous c'était une école privée /$ ah une école privée catholique donc dans l'élémentaire mixte et de la sixième à la terminale non mixte donc je peux pas dire que j'ai un très bon souvenir $ ce qui était devenu une rareté quand même /$		1			
$ vous allez jusqu'à la cinémathèque /$ non Bercy c'est ah non c'est c'est extrapolé là c'est euh c'est des quartiers un peu neufs dans lequ- dans lesquels je suis pas très euh je connais pas les rues alors que Paris c'est vrai que je connais maintenant euh bon donc je connais voilà je peux circuler en connaissant les rues là pour moi c'est un nouveau quartier que j'ai pas encore euh donc comme je serais perdue en voiture euh j- je m'aventure pas trop $ et vous n'allez pas jusqu'à la BN la la bibliothèque nationale /$			1		
$ x c'est vide /$ au mois d'août j'apprécie mais euj je peux pas dire que j'aime des avenues euh sans trop de monde donc $ donc dans le onzième manquent les cinémas et sinon /$		1			
$ déjà toujours /$ j'aime pas les a je peux pas marcher donc je peux pas me retrouver malheureusement mais j'aurais dû le faire $ oh /$			1		
$ déjà toujours /$ j'aime pas les a je peux pas marcher donc je peux pas me retrouver malheureusement mais j'aurais dû le faire $ oh /$			1		
$ de Grand Paris euh qui touristique il y a il y a rien qui /$ qui me parle non ni l'avenue des Champs ni non non non non ni le Cours du Trocadéro euh non par contre je pense que même mes filles qui se retrouvent des fois dans le dix-neuvième dans des petits cafés à voir un concert je pense qu'il y a encore il y a il y a quand même toujours à découvrir donc je l'envie à ce niveau là moi je bon je je vraiment de de que Paris tu peux toujours découvrir quelque chose de perdu un peu perdu un peu $ et il y a d'autres villes qui vous font rêver /$			1		
$ et vous imagineriez quelque chose pour que ça s'améliore /$ euh je dirai plus d'expérimentation plus de travail entre pairs moi je pense qu'on peut pas rester assis euh à l'heure actuelle de huit heures du matin à seize heures je pense que avec l'autorité du maître qui parle je trouve que la pédagogie devrait quand même devrait plus évoluer en les en permettant aux aux élèves de réfléchir par eux-mêmes d'avoir des outils de recherche de de travailler entre pairs euh je trouve qu'on est encore beaucoup dans oui dans le par coeur dans des programmes oui quand même surchargés $ oui donc vous êtes sévère pour le collège /$					
$ et /$ donc euh des fois on comprenait pas parce qu'il arrivait à rentrer dans l'école dans le collège et se cacher euh je sais pas ou dans les toilettes ou ne sans sans aller en cours enfin bon donc euh parce que sûrement maman euh pas là pour aider pour pas surveiller est-ce que tu as fait tes devoirs est-ce que pas moi je pense que si le parent aussi s'int- il faut que le parent joue le jeu aujourd'hui dans la façon dont est faite l'école quoi si ce que faisait ma copine elle me dit mais je m'en fous il est grand il fait ce qu'il veut moi je vais pas regarder son cahier de voilà je lui dis ben si tu regardes pas il va pas le faire et euh voilà il est vite vi- il peut être vite dans l'échec quoi $ alors que vous vos parents n'avaient jamais surveillé les devoirs /$	1				
$ vous êtes contente que ça existe toutes ces choses ou /$ oui de pouvoir ou y aller ou ne pas y aller de les sentir effectivement de sentir que si je voulais euh voilà aller voir une bon enfin expo dans le onzième il y a pas grand chose ceci dit hein bon de de les avoir effectivement à portée de main bon ceci dit moi c'est vrai que je j'ai plus tendance à être aussi cafés euh c'est vrai quand même $ ah cafés vous n'avez pas parlé des cafés /$			1		
$ c'est ça que vous demandez d'abord à un lieu /$ oui oui oui qu'il y ait un minimum effectivement de de pff mais ça c'est aussi parce qu'on a créé un tissu voilà avec l'école avec le voilà pouvoir croiser quelques amis euh voilà aller prendre un café euh voilà dans le onzième avec euh avec des personnes non mais je trouve quand même les gens euh les gens assez assez aimables quand même dans l'ensemble $ moi aussi /$			1		
si si si si c'est vrai mais bon je trouve que c'est pas pour ça qu'en étant dehors devant un café puisque ça m'arrive on est à plusieurs à sortir euh c'est quand même une situation inconfortable qui n'est pas qui donne pas euh voilà naissance à des contacts ou euh à des bon voilà moi je trouve que c'est très inconfortable quoi d'aller fumer sa cigarette dans la rue euh bon c'est vrai que ça me met pas spécialement de bonne humeur et bon donc euh $ et alors les restos du quartier vous avez dit cafés et restos ou vous pouvez tra /$ mm			1		
mm $ xx c'est justement c'est des restos du quartier ou vous pouvez traverser Paris pour heu /$ non quartier onzième voire vingtième quand même pour les restos mais pas pas pas d'autres pas d'autres endroits			1		
$ parce que vous vous avez connu ça le chômage et les problèmes /$ non j'ai pas connu le chômage mais j'ai changé d'activité de professionnelle leur père a eu plus de mal puisqu'il était vendeur à la FNAC et qu'il s'est beaucoup battu en tant que syndicaliste il a monté des grèves et tout pareil après il a travaillé à la poste donc elles l'ont vu vraiment s- être maltraité c'est pareil entre guillemets hein après de par les conditions de travail donc je trouve qu'elles ont énormément évolué euh dans un monde du venant d'une génération quand même euh n'ayant pas grand chose à proposer nous et euh voilà un monde assez avec de moins en moins de liberté si vous voulez mais je les trouve pas incivils euh non je trouve qu'ils pourraient plus encore même se se révolter je trouve qu'ils vivent énormément en groupe moi c'est ce qui m'aura marquée dans cette génération là c'est qu'ils vivent entre eux quoi et je trouve que voilà au collège aussi beaucoup les uns chez les autres $ et solidaires entre eux /$					
$ alors là aussi vous vouliez de la répression pour les voitures mais pour les cafés vous êtes pour ou contre /$ euh j' aurais voulu simplement qu'il existe quelques cafés où on puisse euh fumer j'allais dire entre nous loin de tous ces gens qui euh qui ne nous aiment pas quoi voilà $ euh vous ne trouvez pas que du coup on voit des nouvelles communautés de fumeurs un peu partout s'agréger à la porte des /$			1		
