phrase	éventualité	permission	possibilité matérielle ou capacité	sporadicité	doute
$ on va dire que ça va dans le sens /$ où euh alors ça va parce que il travaille on peut pas dire qu'il a des mauvais résultats après je veux dire on a l'impression personnellement que il faut être quand même constamment en train de le coacher euh parce que il f- il est peut-être dans un environnement défavorable au travail $ ouais /$		1			
il a pas le droit d'en dire à la maison après à l'école je p- je sais pas trop $ je peux pas être derrière mais c'est vrai qu'il fait attention à ça /$ $ ouais /$			1		
$ ouais /$ $ tu peux pas /$ et des fois quand il retranscrit il dit oui tu sais c'est c'est trois petits points			1		
$ faut faut se dire faut se dire /$ $ j'ai déjà ce bagage-là donc je peux construire à partir de ça /$ $ voilà /$			1		
$ ouais /$ tout ça que je peux aller voir euh des trucs comme les sup- enfin les films sur les super-héros $ ouais ouais ouais /$				1	
$ j'ai l'impression de tourner en rond /$ je peux pas donc moi je cours dans Saint-Ouen donc moi j'ai mon petit parcours je cours dans Saint-Ouen j'ai mes repères tout ça on va dire que je fais du $ dans les espaces verts ou sur /$			1		
$ euh c'est /$ voilà c'est y a des après je peux pas dire y a des choses oui qui reviennent euh $ oui /$		1			
oui bah y a sûrement euh sans connaître euh l'algérien le marocain peut-être du sénégalais du guinéen $ je pourrais pas dire parce que je suis pas /$ $ oui /$			1		
$ exactement /$ j'essaye d- justement de puisque bon je pourrais travailler en agence tout le temps mais j'ai pas envie de travailler en agence tout le temps je suis pas salariée et je ne veux pas le deve- redevenir quoi donc en fait le fait de faire le coaching pour les jeunes et bah ça me permet de déjà d- je suis très contente de le faire mais ça me permet aussi de voir du monde $ d'accord /$			1		
$ ah ouais /$ donc de toute façon voilà pour les jeunes y a pas d'excuse ensuite il a sa méthode de coaching où il fait il met en place quelque chose que je pourrais pas retranscrire parce que elle lui appartient et que c'est il faut vraiment la voir pour euh voir un petit peu comment $ c'est c'est un film qui dure euh /$		1			
$ c'était u- une petite représentation en interne oui une petite séquence enfin c'est vraiment du travail /$ $ par contre il pourrait être amené à /$ $ ouais ouais /$			1		
$ ouais /$ $ parce que sinon on aurait pu /$ $ oui oui /$					
