phrase	éventualité	permission	possibilité matérielle ou capacité	sporadicité	doute
$ le fait de m'installer représente un un investissement euh important  /$ $ euh qu'on ne peut pas solder  /$ $ donc euh je suis un un individu qui a pris racine à Orléans et que  /$			1		
$ euh les gens sont libres de venir consulter quelque médecin que ce soit  /$ $ et ils peuvent en changer à tout moment et que donc euh après être venus me consulter euh si je ne leur plais pas euh ils peuvent dans les huit jours qui suivent /$ hm hm		1			
$ euh les gens sont libres de venir consulter quelque médecin que ce soit  /$ $ et ils peuvent en changer à tout moment et que donc euh après être venus me consulter euh si je ne leur plais pas euh ils peuvent dans les huit jours qui suivent /$ hm hm		1			
$ et vice et versa s'ils ne sont pas  /$ $ contents du service d'un de mes confrères ils peuvent venir me consulter dans les huit jours ou même le lendemain  /$ $ de cette première consultation  /$		1			
ah oui $ euh on peut également euh si on le veut mais enfin ceci ne peut pas se pratiquer  /$ $ euh demander des honoraires supérieurs lorsque la situation de fortune du malade  /$		1			
ah oui $ euh on peut également euh si on le veut mais enfin ceci ne peut pas se pratiquer  /$ $ euh demander des honoraires supérieurs lorsque la situation de fortune du malade  /$					
$ un domaine propre qui est précis euh qui est euh  /$ $ euh vraiment très objectif où on peut examiner le malade euh d'une façon rigoureuse voyez-vous  /$ $ c'est en ça que je j'aime mon métier /$		1			
$ vous me direz que c'est un cas particulier de  /$ $ duquel on ne peut pas inférer une loi générale mais enfin  /$ $ euh  /$		1			
$ donc euh une femme qui est mariée qui a qui a des enfants  /$ $ peut parfaitement euh travailler euh  /$ $ euh  /$			1		
$ euh  /$ $ peut très facilement faire sauter une demi-journée de travail scolaire à partir du moment où c'est vraiment quelque chose d'important pour laquelle on vient la consulter  /$ $ et que ma foi le jeudi il faut qu'elle s'occupe de ses enfants à elle  /$			1		
$ et parfois dramatique comme les les romans  /$ $ qui peuvent rappeler des situations plus ou moins pénibles ou  /$ $ euh donc ça me les livres d'histoire me détendent  /$				1	
$ c'est pour moi un très grand délassement que d'écouter des disques /$ est-ce que je peux vous demander euh comment vous avez passé dimanche dernier ?  on est vendredi c'est déjà un peu loin $ oui  /$		1			
hm hm $ chez qui on peut tomber à n'importe quel moment  /$ $ qui ont des qu- des qualités d'accueil exceptionnelles /$		1			
encore une fois  on sait jamais $ ah non non ça je crois que Cyril ne peut pas s'employer d'une  /$ $ pour une fille /$					
$ ou communales et je n-  /$ $ je ne peux pas vous en  /$ $ vous répondre d'une façon euh disons euh  /$					
$ oui /$ je peux vous demander la profession de cette personne ? $ un médecin oui /$		1			
$ et je trouve que par exemple le maire d'Orléans est un individu puisque vous parliez d'Orléans tout à l'heure qui parle remarquablement le notre langue  /$ $ enfin il y a il y a il y en a d'autres on peut parler de Monsieur Malron  /$ $ on peut parler  /$					
$ enfin il y a il y a il y en a d'autres on peut parler de Monsieur Malron  /$ $ on peut parler  /$ $ du Général /$			1		
$ qui a commencé en Italie enfin qui a fait un petit peu en France euh j'aime beaucoup ce cinéma moderne /$ à votre avis est-ce que ces ces médias la radio le cinéma la télévision peuvent être des du comment dirais-je ? des instruments de culture ? $ oh sûrement oui /$	1				
enfin si je m'y intéresse oui mais enfin euh pas $ euh non je peux passer à la maison oui oui  /$ $ oui /$			1		
pourquoi $ je peux vous demander ?  /$ $ vous voulez des noms ? /$		1			
oui $ maintenant ben parmi les peintres on peut en citer des tas  /$ $ que que j'aime bien oui /$			1		
$ encore une fois /$ oui  je peux vous demander  est-ce que vous-même vous faites de la musique ? $ non /$		1			
$ oui oui /$ est-ce que ça peut se résumer en deux trois mots ou en $ oh ben  /$			1		
$ et ça c'est sans /$ bien  est-ce que je peux vous demander où vous vous placez politiquement ? $ oui mais c'est vous ferez état de cette euh de cette réponse ou pas ? /$		1			
$ et sur le plan national sur euh pour euh revendiquer sur le  /$ $ le statut que nous pouvons avoir vis-à-vis de la Sécurité Sociale sur le plan de nos honoraires et cetera /$ est-ce que vous-même vous jouez un rôle actif ?	1				
$ alors je lui dis une fois non c'est parce que tu veux montrer ton ballon à tes petits copains tu comprends il y a bien à l'école un ballon  /$ $ ah il m'a dit papa je te jure vraiment avec les accents de la sincérité il y a pas de ballon il faut que quelqu'un amène le ballon sinon on pourra pas jouer  /$ $ ça c'est un aspect qui est complètement né- complètement négligé il y a absolument pas de  /$			1		
oui $ et ceci pourrait être à mon sens très positif  /$ $ pour donner davantage d'âme à la ville parce que de temps en temps  /$	1				
$ j'ai l'impression que c'est sans changement /$ hm oui  et est-ce que parmi vos connaissances euh  vous pouvez penser à une personne qui parle euh le français particulièrement bien  qui manipule $ oui /$			1		
$ qu'on ne devait pas passer /$ oui  ça c'est vraiment du nouveau  et euh vos grand-pères ?  est-ce que vous pouvez au moins me dire leurs professions ? $ ah bah mon grand-père vendait des chaussures /$		1			
$ il est évident que par exemple euh  /$ $ euh des professions comme la pédiatrie la gynéco-obstétrique pourraient être euh euh des spécialités féminines voyez-vous  /$ $ mais elles comportent beaucoup d'urgences qui sont  /$					
$ oui /$ est-ce que il y a des cas auxquels vous pouvez penser ? $ euh j'ai pas compris le sens de votre question /$			1		
$ je trouve que  /$ $ il y aurait dans la fondation d'une maison de la culture valable enfin valable sur le plan local parce qu'il y en a bien une ici mais elle est tellement exigüe que bien peu de personnes peuvent s'y rendre  /$ $ un un lien  /$			1		
mariées ? $ à partir du moment je crois que à partir du moment où on peut trouver un un système  /$ $ où ce travail n'est pas un travail exclusif  /$			1		
$ et puis j'ai eu une première voiture qui était une quatre cent quatre que j'avais achetée par raison  /$ $ et j'ai j'ai eu un accident qui aurait pu être un accident grave /$ hm hm					
$ l'aîné s'appelle Michel  /$ $ et c'est un garçon parce que c'est un prénom qui peut être /$ ambigu	1				
