phrase	éventualité	permission	possibilité matérielle ou capacité	sporadicité	doute
$ d'Ivry c'est la ligne sept ça /$ la ligne sept c'est terminus mais je peux descendre avant avant Mairie d'Ivry je descends Pierre Curie à Pierre Curie et ben euh je prends que les escaliers $ toc je suis chez moi voilà /$			1		
$ le cent trente-deux non /$ qui de- qui dépose à côté de chez moi euh je peux prendre le cent vingt-cinq il me dépose à Pierre Curie aussi bon là y a pas de cent vingt-cinq sinon je prends le RER que voilà $ c'est pas loin /$			1		
$ prendre le tramway /$ pas tout le temps le m- le tramway aussi c'est pas loin de chez moi je peux y aller même à pied mais de temps en temps le samedi oui $ quel tramway le tramway qui passe euh /$			1		
$ oui /$ et ben euh je peux y aller même à Montreuil je peux y aller avec euh le tramway je peux y aller $ non non non non c'est pas loin /$			1		
$ oui /$ et ben euh je peux y aller même à Montreuil je peux y aller avec euh le tramway je peux y aller $ non non non non c'est pas loin /$			1		
$ oui /$ et ben euh je peux y aller même à Montreuil je peux y aller avec euh le tramway je peux y aller $ non non non non c'est pas loin /$			1		
$ non non non non c'est pas loin /$ $ non non je peux /$ $ cinq minu- /$			1		
$ c'est mieux du coup pour vous /$ ah oui oui c'est oui il est ouvert même le dimanche euh même si j'ai pas le temps dans la semaine pour faire mes courses le dimanche je peux y aller quoi $ d'accord d'acc- alors qu'avant vous alliez plus loin /$			1		
$ d'accord d'acc- alors qu'avant vous alliez plus loin /$ $ je peux oui euh /$ $ c'est ça /$			1		
$ non non /$ $ il est à Ivry ça je peux vous /$ $ c'est c'est à Ivry /$			1		
$ c'est ça /$ euh non c'est pas question de loin mais je peux pas y aller à pied mais je p- p- peux prendre le bus euh sinon ben j'ai une amie que comme je vous dis euh elle habite là-bas ben de temps en temps le samedi on passe euh là-bas mais au collège j'ai personne qui va au à ce collège $ ça c'est clair voilà /$			1		
$ c'est ça /$ euh non c'est pas question de loin mais je peux pas y aller à pied mais je p- p- peux prendre le bus euh sinon ben j'ai une amie que comme je vous dis euh elle habite là-bas ben de temps en temps le samedi on passe euh là-bas mais au collège j'ai personne qui va au à ce collège $ ça c'est clair voilà /$			1		
qu'il est pas bien et tout bon j'ai une dame qui m'a dit que mes mes filles dès qu'ils ont entré là-bas ses fréquentations et tout ça mais je suis pas sûre hein parce que moi euh ma fille elle est elle était elle est pas el- elle était pas là-bas quoi $ je peux pas vous dire exactement quoi /$ $ et /$			1		
$ tout ça pour retrouver /$ $ ou sinon elle peut /$ $ ses copines /$			1		
prendre le tramway il est à côté je prends le cent trente-deux il est à côté euh le métro il est à côté le RER bon il est pas trop trop loin aussi $ de chez moi je peux y aller à pied /$ $ oui oui oui oui /$			1		
$ ben oui /$ un appartement sur Paris je peux pas y aller $ la vérité parce que pourquoi /$			1		
non je pense pas $ et puis Ivry ç- ça peut être cher aussi euh /$ $ non y a des /$				1	
$ ça fait pas partie de votre vocabulaire /$ $ non c'est pas bon je peux dire /$ $ mon /$			1		
$ vous z- vous lui avez appris à vous aider /$ elle m'aide beaucoup et voilà elle m'aide et ben et quand je je suis à la maison je fais la plupa- enfin la je fais le les choses qui s- qu'elle arrive pas à le faire elle mais moi je compte pas que sur elle parce que la pauvre elle est elle est à l'école et elle peut pas faire tout quoi $ voilà /$			1		
$ ah oui /$ $ on peut voilà voilà /$ $ pour qu'elle puisse compter euh sur elle c'est ce que c'est ce que vous dites qu'on peut jamais savoir dans la vie et que euh /$					
$ on peut voilà voilà /$ $ pour qu'elle puisse compter euh sur elle c'est ce que c'est ce que vous dites qu'on peut jamais savoir dans la vie et que euh /$ $ oui voilà ben oui ben voilà /$			1		
$ il est pas très loin de chez vous non plus /$ non il est pas loin on peut y aller même à pied $ oui même à pied oui bien sûr oui /$			1		
$ d'accord /$ il est en face euh dispensaire c'est pas loin aussi de chez moi je peux y aller même à pied voilà $ d'accord /$			1		
$ à Ivry euh /$ voilà elle est pas trop loin aussi de chez moi je peux y aller même à pied et des fois je pars le jeudi là le de de cinq heures jusqu'à dix-neuf heures au sauna ouais $ avec des euh enfin des /$			1		
$ par rapport à où /$ euh par e- par exemple on peut y aller moi il y a des choses comme des épices et des choses comme ça on achète à Kremlin-Bicêtre y a un magasin spécial ils ramènent ça $ marocaine /$			1		
$ oui oui oui et et et /$ bien avoir un chat mais comme il est allergique euh elle peut pas $ ah d'accord et et vous sinon la présence des animaux à Paris qu'est-ce que vous en pensez ou en banlieue comme ça ou à Ivry euh /$			1		
des pigeons quoi des pigeons bon c'est vrai ils font beaucoup de saletés mais bon qu'est-ce que vous voulez ça c'est $ on peut rien faire quoi ouais ouais /$ $ oui c'est c'est c'est les pigeons /$			1		
$ voilà tout ce qui se passe ici voilà /$ $ d'accord comme ça vous savez où on peut aller /$ on peut y aller on peut y aller tout ce qui se passe			1		
$ d'accord comme ça vous savez où on peut aller /$ on peut y aller on peut y aller tout ce qui se passe $ euh /$			1		
$ d'accord comme ça vous savez où on peut aller /$ on peut y aller on peut y aller tout ce qui se passe $ euh /$			1		
$ le bus /$ euh des fois je pe- je peux y aller à pied quoi j'aime bien ma- $ marcher le matin /$			1		
$ d'accord /$ prendre le soit le vingt-sept qu'il me dépose à porte d'Ivry et je continue à pied si il est là le cent-trente-deux je le prends tout de suite si il n'est pas là soit je peux attendre soit je peux continuer à pied $ voilà /$			1		
$ d'accord /$ prendre le soit le vingt-sept qu'il me dépose à porte d'Ivry et je continue à pied si il est là le cent-trente-deux je le prends tout de suite si il n'est pas là soit je peux attendre soit je peux continuer à pied $ voilà /$			1		
$ et à votre travail du matin là /$ $ le matin je peux y aller à pied /$ $ vous pouvez y aller à pied /$			1		
$ vous pouvez y aller à pied /$ $ je peux y aller à pied aussi oui /$ $ je peux y aller à pied oui /$			1		
$ je peux y aller à pied aussi oui /$ $ je peux y aller à pied oui /$ $ ben oui c'est pas trop /$			1		
$ le matin je peux y aller à pied /$ $ vous pouvez y aller à pied /$ $ je peux y aller à pied aussi oui /$			1		
$ on peut voilà voilà /$ $ pour qu'elle puisse compter euh sur elle c'est ce que c'est ce que vous dites qu'on peut jamais savoir dans la vie et que euh /$ $ oui voilà ben oui ben voilà /$			1		
