phrase	éventualité	permission	possibilité matérielle ou capacité	sporadicité	doute
$ d'accord /$ $ et donc la guerre tu tu es passé à travers on peut dire mais /$ $ alors après qu'est-ce qu'il y a la guerre d'Algérie /$		1			
$ ou tu ne le penses jamais /$ je le pense jamais je pen- j'y j'y suis malgré j'y suis politiquement je je le déplore mais c'est j'y peux rien $ est-ce qu'il y a de des différences entre les quartiers de Paris /$			1		
bien sûr $ d'accord on peut continuer en béarnais peut-être /$ ce serait que tu ne comprennes pas			1		
$ de communauté /$ $ est-ce que tu tu fais partie d'une communauté communauté ça peut être très large hein euh /$ ben pas religieuse pas du tout politique oui au PS mais bon ben c'est tout				1	
$ ou /$ j'ai- j'aimerais que ce soit ce soit mieux défini mais ça ne ne /peut,veut/ pas dire que ça ça forme mes mes opinions sont formées mais pas à travers le la la communauté politique $ mais ça fait quand même un noyau de gens /$				1	
on sait que par exemple il doit y avoir des cliniques du quartier qui ont été rachetées par le par le le groupe australien ou n'importe quoi c'est c'est une tendance naturelle qui est qui est relativement inquiétante vis-à-vis de du secteur public de l'hospitalisation $ et tu peux en dire plus /$ $ parce que /$			1		
$ si c'est des /$ $ ou ils peuvent être /$ étrangers ils peuvent être				1	
$ ou ils peuvent être /$ étrangers ils peuvent être $ étrangers mais /$				1	
$ étrangers mais /$ $ ils peuvent être /$ mais il y a ça a quand même il y a ils ils tout le monde n'a pour passer de huit à de quinze pour cent à huit pour cent ça supposerait une un déplacement de population relati- relativement grand				1	
$ oui d'accord /$ si mais on peut pas dire que c'est des mi- c'est des militants d'opinion si je veux peux peux m'exprimer ainsi c'est pas des militants du faire $ mais peut-être il y a des thèmes qui sont plus porteurs pour eux /$		1			
$ oui d'accord /$ si mais on peut pas dire que c'est des mi- c'est des militants d'opinion si je veux peux peux m'exprimer ainsi c'est pas des militants du faire $ mais peut-être il y a des thèmes qui sont plus porteurs pour eux /$		1			
$ oui d'accord /$ si mais on peut pas dire que c'est des mi- c'est des militants d'opinion si je veux peux peux m'exprimer ainsi c'est pas des militants du faire $ mais peut-être il y a des thèmes qui sont plus porteurs pour eux /$		1			
$ pour commencer à entendre des langues /$ peux pas dire on entend du chinois on en en on entend beaucoup de choses $ mm l- les commerçants les les le le petit commerce n'est pas tenu par les Chinois ou les Maghrébins /$		1			
$ dans le quartier /$ on peut pas dire que non c'est c'est pas c'est pas c'est c'est il y a pas de domination étrangère $ est-ce que /$		1			
sur dans ce domaine $ tu peux les entendre les capter dans la rue non /$ pas trop			1		
$ mm euh /$ $ et est-ce que tu peux me décrire un déplacement récent /$ $ bien précisément /$		1			
$ mm oui /$ il y a quelque chose qui et de toute façon alors inversement les gens peuvent te dire je je ne veux pas la participation de l'État et cetera mais ça a pas ça a pas de sens $ mm oui /$				1	
$ personnellement /$ non j'ai pas vu ma retraite diminuer j'ai pas vu je ne verrai pas mes impôts augmenter je ne les droits de succession n'ont pas varié pa- parce que je n'ai pas de famille et et je laisserai mes biens à à qu- à d'autres gens donc le je peux pas dire que la crise m'ait atteint $ alors elle t'a pas atteint toi est-ce qu'elle a atteint /$		1			
$ oui /$ sauf quand il sauf quand il exagère mais c'est quand même un il prône toujours le l'idée que la culture c'est bien donc je peux pas $ et tu es d'accord quand même /$		1			
$ oui parce que je pense /$ que ça peut être ça peut être accessible à tout le monde je vois pas pourquoi ce serait réservé à je veux dire le il y a des bouchers qui sont des des fervents des des études talmudiques pourquoi est-ce que ça serait réservé aux juifs $ alors tu connais tu connais des bouchers fervents d'ét- d'études talmudiques /$			1		
$ oui parce que je pense /$ que ça peut être ça peut être accessible à tout le monde je vois pas pourquoi ce serait réservé à je veux dire le il y a des bouchers qui sont des des fervents des des études talmudiques pourquoi est-ce que ça serait réservé aux juifs $ alors tu connais tu connais des bouchers fervents d'ét- d'études talmudiques /$			1		
$ j'ai peut-être oublié des coins essentiels que tu aurais aimé voir aborder /$ rien parce que je trouve que c'est un quartier normal et je trouve que les rapports avec les gens sont sont normaux mais c'est c'est un endroit agréable où vivre donc je peux peux pas dire que c'est pas parce que je trouve que ma concierge est pas très sympa que que je que je me /plaindrais,plaindrai/ du quartier $ la concierge est une concierge à l'ancienne /$		1			
$ j'ai peut-être oublié des coins essentiels que tu aurais aimé voir aborder /$ rien parce que je trouve que c'est un quartier normal et je trouve que les rapports avec les gens sont sont normaux mais c'est c'est un endroit agréable où vivre donc je peux peux pas dire que c'est pas parce que je trouve que ma concierge est pas très sympa que que je que je me /plaindrais,plaindrai/ du quartier $ la concierge est une concierge à l'ancienne /$		1			
$ c'est vrai /$ $ mais souvent on peut avoir /$ $ tout simplement le nombre de d'ouvriers d'employés de /$			1		
$ au cours d'un dîner /$ avec une des amis que tu connais j'ai j'ai appris que je pouvais être ancien combatant je suis donc ancien combattant $ très bien /$		1			
$ tran- /$ $ on a pu /$ éprouver les gens dans la quand on est dans la difficulté ça marche assez bien			1		
$ les gens qui viennent ils viennent d'où /$ ben écoute j'ai pu constater en consultant les listes électorales en train de se constituer qu'il y avait beaucoup de gens qui venaient des il y avait beaucoup de Juifs qui venaient il y avait beaucoup de gens de d'Afrique du Nord qui venaient mais enfin c'était en général des gens qui étaient avaient des moyens et qui rien que par leur adresse avaient réussi à se s- se loger de façon convenable $ donc c'est un quartier qui devient /$			1		
$ mais au Collège de France /$ il y avait une section SNESUP qui qui fonctionnait à peu près mais elle était tellement sous l- sous l'influence du PC que qu'il y av- qu'on pouvait en- rentrer dans une opposition assez facilement parce que le PC travestissait un peu les les choses toujours un peu à son avantage $ donc si je comprends bien tes premiers pas de militant c'est déjà oppositionnel /$				1	
$ mais comment quand /$ on a vécu en milieu universitaire c'est c'est on est quand même très orienté sur la les sur le on a un abord facile pour les sur les textes politiques on croit pouvoir les interpréter mais mais on on on est on trouve que le langage politique est est tell- est extrêmement pauvre et et composé de de slogans qui qui n'ont pas grande grande influence $ oui mais là c'est autre chose tu es en train de de critiquer de démonter le langage politique /$	1				
$ le petit monde /$ production indus- intellectuelle je serais je pourrais le dire mais j'en ai pas je m- je manque de souffle dans ce genre de $ oui /$			1		
$ pour autant /$ $ les universitaires à travers le monde ça pourrait /$ $ fabriquer /$					
$ d'accord /$ et ce genre de tendance ne pourra que se s'amplifier puisque l'i- l'idée du de la droite c'est quand même de de privatiser le plus de gens plus de choses possibles par rapport au au secteur public $ et l'école /$			1		
ben parce que il y a beaucoup plus de gens il y a des gens très riches $ oui d'accord et donc non mais on pourrait avoir /$ oui		1			
