phrase	éventualité	permission	possibilité matérielle ou capacité	sporadicité	doute
hm hm $ ils auraient pu tou-  /$ $ ah oui d'accord  /$					
oui non euh oh ça aurait pu si aussi au moment de mon service national j'aurais pu m'arrêter là hein			1		
oh ça aurait pu si aussi au moment de mon service national j'aurais pu m'arrêter là hein hm hm			1		
hm hm $ bon j'aurais pu continuer dans  /$ une carrière militaire			1		
$ c'est ça qui c'est pour ça moi je  /$ j'aurais jamais pu faire de la $ politique  /$			1		
que j'avais faites autrement ils auraient pu p- publier la lettre avec sanction ah ça hein					
/$ j'ai jamais pu être le premier j'étais le deuxième /$			1		
si ça vous convient pas moi j'y peux rien $ hm hm  /$			1		
de je peux pas continuer mes travaux alors j'ai ressorti toutes ces coupures de presse je vais faire un press-book			1		
$ euh oui alors euh  /$ est-ce que je peux avoir leurs années de naissance ?		1			
alors l'intérieur ils pouvaient pas lire ah ouais			1		
pour vous demander $ si vous pour- euh si vous pouviez me  /$ $ me donner la la recette de l'omelette  /$		1			
$ et donc ils avaient parmi leurs questions euh  /$ $ est-ce que vous pouvez me dire comment vous faites une omelette  /$ $ ah oui hm hm  /$		1			
$ puis y en a un autre  /$ $ qui va être euh que vous allez pouvoir conserver  /$ $ ouais  /$			1		
$ et puis après donc c'est voilà j'autorise donc euh si vous autorisez vous  /$ $ vous pouvez cocher  /$ alors			1		
$ donc vous me l'avez dit tout à l'heure mais comment est-ce que vous  /$ $ vous pouvez me le  /$ $ me le répéter comment est-ce que vous définissez votre euh  /$			1		
$ et justement là en parlant de de commerces on parle de la rue des Carmes mais ici dans le  /$ $ dans le quartier est-ce que vous pouvez me décrire un petit peu les  /$ $ les commerces puis vous-même euh où est-ce que vous allez euh  /$		1			
$ à force de chercher tout ça puis bon bah  /$ comme j'avais pas d'argent je pouvais pas enfin			1		
$ oh bah  /$ Orléans vous pouvez pas me dire grand chose avant		1			
bah il m'avait demandé des s'il pouvait fabriquer des lames de tondeuses alors bon			1		
$ oh oui oh bah vous savez  /$ est-ce que vous pouvez m'en dire deux mots ça c'était			1		
c'est pour ça que bon on peut plus travailler $ ouais ouais  /$			1		
si on veut moi ça peut se faire voilà	1				
$ ah oui oui  /$ on peut demander $ d'où ils ont sorti  /$		1			
ça on peut pas empêcher ça $ hm hm  /$			1		
$ l'enregistrement  /$ $ pour savoir justement si on peut le  /$ $ si on peut l'utiliser en tant que  /$			1		
$ pour savoir justement si on peut le  /$ $ si on peut l'utiliser en tant que  /$ $ pour nos recherches euh et cetera  /$			1		
ah on on on qu'est-ce que ça peut faire si les gens ils travaillent ils sont de l'instant qu'ils les payent					
leurs impôts et tout ça qu'est-ce que ça peut faire s'ils travaillent on laisse les gens libres					
oui oui $ on peut enregistrer une visite du début à la fin  /$ $ oui oui  /$			1		
