phrase	éventualité	permission	possibilité matérielle ou capacité	sporadicité	doute
ses connaissances il peut le faire par différentes euh voies il euh il existe euh			1		
ma foi eh bien on peut dire que à		1			
$ il y a aussi ceux qui s'intéressent simplement aux profits ou aux bénéfices  /$ $ que une entreprise peut faire  /$ euh je crois que par sa vocation notre régie nationale			1		
des voitures fabriquées comme on peut euh s- s- s					
il a la possibilité ce mensuel de s'absenter d'avoir une autorisation par exemple de s'absenter et on peut ne pas lui retenir son son absence il a la possibilité en cas de maladie		1			
a en fonction de son ancienneté dans l'usine une amélioration de son salaire qui peut aller de trois à dix-sept pour cent un monsieur qui a vingt ans de présence dans l'usine			1		
le mariage d'un enfant euh son mariage propre parce que ça peut arriver aussi euh en France le conseil des révisions					
donc ça c'est la forme économique donc je peux ne pense pas enfin c'est là encore un point de vue qui n'engage que moi					
X morceaux on peut pas le le faire grandir par le le un coup de baguette magique non			1		
et s'y intér- euh beaucoup oui c'est vrai je crois qu'on peut dire beaucoup pratiquement tous s'y intéressent à leur travail		1			
et au moins les gens font ce qu'ils peuvent ce qu'ils peuvent			1		
au moins les gens font ce qu'ils peuvent ce qu'ils peuvent $ hm  /$			1		
oui c'est b- ê- ça peut ê- être extrêmement variable certains jours c'est très calme					
fait à peu près elle euh on peut les diviser en trois la journée peut être divisée en trois où je peux travailler personnellement sur un problème			1		
fait à peu près elle euh on peut les diviser en trois la journée peut être divisée en trois où je peux travailler personnellement sur un problème			1		
on peut les diviser en trois la journée peut être divisée en trois où je peux travailler personnellement sur un problème problème qui peut être relatif euh					
où je peux travailler personnellement sur un problème problème qui peut être relatif euh à à l'usine à court terme ou à long terme	1				
mais autrement c'est extrêmement variable parce qu'à l'intérieur de du tiers de la journée que je consacre à mon activité personnelle bah ma foi ça peut aller de la lecture d'une revue technique ou de la recherche d'un problème technique dans une revue					
il faut se reposer de temps en temps et je crois que c'est en observant une discipline qu'on peut le faire si on veut travailler moi j'ai toujours travaillé tous les soirs jusqu'à onze heures ou minuit			1		
c'est pour ça que je vou- euh je pense que monsieur NPERS et mademoiselle NPERS peuvent se promener dans les ateliers et je le souhaite d'ailleurs et puisse discuter avec eux					
j'ai en plus de du travail de l'usine des d'autres occupations m'enfin ça c'est c'est moi qui en suis responsable enfin responsable si vraiment je peux pas le faire je le ferai pas mais je crois que			1		
soit sur la paye même sur le les salaires à l'intérieur d'un cadre là encore nous pouvons évoluer évidemment le cadre est peut-être restreint dans certains			1		
$ oui mais est-ce que cela vous permet quand même de sentir que votre euh  /$ $ comment est-ce que je pourrais dire votre foyer votre euh  /$ $ votre centre d'activité  /$					
c'est au niveau de l'usine de locale je sais pas on pourrait parler pour le pour l'usine du Mans de la même façon mais c'est au niveau de l'usine		1			
il y a quinze ans on disait on achetait une voiture pour bricoler un peu et pour euh pour s'amuser maintenant on achète une voiture pour euh pouvoir rouler et vous partez			1		
à un million et demi d'anciens francs c'est-à-dire euh quinze mille francs donc nous avons une gamme très étendue et je pense que c'est grâce à ça que nous pouvons pénétrer un peu partout et dans tous les milieux et même à l'étranger			1		
en France et telle que on pourrait la développer	1				
c'est cette partie qui n'est pas compressible euh ni ni expansible euh cette partie reste euh restera constante et on ne pourra à ce moment-là qu'en changer mais je pense pas que					
si on veut travailler moi j'ai toujours travaillé tous les soirs jusqu'à onze heures ou minuit je pourrais passer ma vie au bureau je pourrais même dormir ici euh ou même ne pas dormir j'aurais quand même de quoi travailler			1		
si on veut travailler moi j'ai toujours travaillé tous les soirs jusqu'à onze heures ou minuit je pourrais passer ma vie au bureau je pourrais même dormir ici euh ou même ne pas dormir j'aurais quand même de quoi travailler			1		
sous forme de primes donc là encore c'est une forme de participation moi je pense pas qu'on puisse faire beaucoup plus $ hm hm  /$			1		
mais je pense pas que on puisse augmenter les bénéfices de la régie et donner beaucoup plus d'argent aux gens en faisant de la participation $ hm  /$			1		
monsieur NPERS et mademoiselle NPERS peuvent se promener dans les ateliers et je le souhaite d'ailleurs et puisse discuter avec eux pour se rendre compte euh					
