phrase	éventualité	permission	possibilité matérielle ou capacité	sporadicité	doute
mais euh je sais pas le les gens regardent un peu bizarrement sont très froids on peut pas demander c'est vrai qu'il y a pas vraiment d'entraide quoi		1			
ouais y a tout aussi c'est sympa on peut trouver quand même pas mal de choses $ ouais  /$			1		
ouais non c'est clair $ parce que ça peut  /$ un peu pourri le truc euh					
le dimanche euh s- il peut être allumé toute la journée et tu fais quoi dessus ?	1				
je sais pas euh je sais pas combien elle peut faire de haut dix quinze mètres $ oh j'ai du mal à me rendre compte hein  /$			1		
$ mais ils veulent mettre plus de magasins  /$ $ donc euh ça peut être pas mal  /$ ouais	1				
Carrefour tout ça on peut trouver un peu de tout après Orléans centre	1				
je fais de l'équitation $ et tu peux m'en parler un petit peu ?  /$ $ oui vas-y vas-y  /$		1			
$ euh  /$ $ sinon qu'est-ce que tu peux me raconter un peu de ton week-end ?  /$ $ dernier ?  /$		1			
$ vas-y  /$ $ tu peux pas être au courant  /$ raconte-moi		1			
$ c'est vrai ?  /$ je peux en parler $ ouais c'était trop bien  /$		1			
quand je sors euh j'y vais pas quand je sors pas je peux y passer toute la soirée c'est vrai ?			1		
y a un tu peux les protéger $ ouais mais même en protégeant  /$			1		
$ euh ils  /$ $ j'ai l'impression que tu peux voir beaucoup  /$ $ oui  /$			1		
le mur des gens bah tu peux voir beaucoup plus de choses qu'avant $ ah ouais j'ai trouvé  /$			1		
que $ et même tu sais que tu peux te retrouver dans des pub et tout quoi  /$ ah ouais	1				
j'aime bien mais après y a beaucoup de monde et euh quand je peux y aller euh ça va être le week-end			1		
$ et quatre-vingt dix euros d'amende alors  /$ $ tu peux pas contester ?  /$ qu'il avait rien fait quoi			1		
$ bah je je sais pas  /$ $ comment tu peux faire ?  /$ $ y a pas les pié- les  /$			1		
ah ouais non c'est clair $ pour juste pouvoir voir la vie des gens  /$ $ genre ceux qui ont mille amis  /$			1		
$ moi je pour-  /$ je pourrais pas habiter en ville juste pour ça quoi $ ouais  /$			1		
euh Laure $ tu pourrais me dire ton âge ?  /$ j'ai vingt-trois ans		1			
$ et euh  /$ $ tu pourrais me dire ton parcours depuis le bac ?  /$ $ à peu près ?  /$		1			
$ et euh sinon donc qu'est-ce que  /$ $ qu'est-ce que tu pourrais me dire de Montargis ?  /$ ah bah c'est splendide la Venise du Gâtinais					
$ et euh quand  /$ $ alors pour revenir à la cuisine tu pourrais m'expliquer comment tu les fais  /$ $ tu fais une omelette ?  /$			1		
$ non pas forcément ?  /$ $ ça pourrait être périmé  /$ $ c'est possible  /$	1				
mais non bah ça pourrait être avec des chevaux $ mais ils ont pas fait  /$	1				
euh qu'est-ce que j'ai fait ? bah du coup j'ai même pas pu aller faire du poney $ hm hm  /$			1		
euh sinon donc vendredi euh qu'est-ce que j'ai fait ?					
