phrase	éventualité	permission	possibilité matérielle ou capacité	sporadicité	doute
oui c'est vrai que c'est après à la limite ce que tu peux faire c'est que tu peux aussi euh en DUT			1		
oui c'est vrai que c'est après à la limite ce que tu peux faire c'est que tu peux aussi euh en DUT			1		
une fois que tu as fini ton DUT tu peux reprendre une filière générale d'accord			1		
d'accord $ tu peux aller en  /$ euh à la fac			1		
$ hm  /$ tu peux aussi après faire un master pro- $ Ok  /$			1		
$ mais qui  /$ qui rentrent voir leur parents et que je peux voir comme ça quoi $ du coup tu habites où sur Orléans ?  /$			1		
oui oui $ est-ce que enfin qu'est-ce que tu peux nous dire sur euh l-  /$ $ l'environnement autour de chez toi ?  /$		1			
euh hm sur une semaine euh je peux aller euh entre euh les plus petites semaines je vais faire euh aller			1		
$ ouais  /$ et les plus grosses semaines je peux monter je suis montée jusqu'à  quarante-six heures			1		
tout ça mais c'est vrai qu'en en troisième année tu peux pas te permettre forcément			1		
tu es tout le temps l'un sur l'autre tu peux pas te mettre euh à part euh c'est compliqué après ouais			1		
$ tu y retournes pas quoi  /$ tu peux plus $ puis après c'est aussi au niveau de l'investissement  /$			1		
maintenant euh tu peux plus $ non j'ai plus le temps quand tu te couches à une heure du mat- euh  /$			1		
$ hm  /$ tu peux les regarder hm $ tu peux les prendre et les regarder sur ton ordi- quand tu as du temps et euh  /$			1		
tu peux les regarder hm $ tu peux les prendre et les regarder sur ton ordi- quand tu as du temps et euh  /$ $ ça pour toi c'est l'idéal quoi  /$			1		
$ quoi euh ouais ouais  /$ oui voilà où tu peux te refléter dans le dans certaines situation ouais	1				
bah en tant que chimiste euh c'est un domaine dans lequel tu peux travailler $ ouais  /$					
et en fait n- pas du tout hm puis tu peux essayer de bloquer quoi que ce soit tu te dis oh y a que mes amis et			1		
$ un nouveau sondage  /$ pour conclure euh est-ce que tu peux me donner ta recette de l'omelette ? s'il te plaît		1			
$ tu mets un peu de sel  /$ $ tu peux mettre des petites herbes aussi aromatiques  /$ selon ce que tu aimes	1				
/$ qu'on peut avoir $ avec les les entreprises euh  /$	1				
dans la tête de tout le monde de toute manière on peut demander à n'importe oui de toute façon		1			
c'est l'ambiance peut-être qui oui voilà $ ça peut d- ça peut différer sur euh le type de musique euh  /$ de la boîte mais euh	1				
c'est l'ambiance peut-être qui oui voilà $ ça peut d- ça peut différer sur euh le type de musique euh  /$ de la boîte mais euh	1				
$ où c'est vrai ils parlent aussi du côté euh  /$ voilà ça peut être en lien avec euh $ scientifique un peu oui bah des fois c'est  /$	1				
ça met pas cinq minutes peut te mettre euh des des grosses analyses avec des des					
des trucs bien compliqués à sortir ça peut te mettre une heure facile quoi $ ah ouais  /$			1		
$ aux ado- quoi ils se rendent pas compte  /$ $ et ça peut être hyper dangereux ça peut être un beau réseau euh pour les pédophiles  /$ $ ou ce genre de truc quoi mais c'est super simple quoi  /$			1		
$ aux ado- quoi ils se rendent pas compte  /$ $ et ça peut être hyper dangereux ça peut être un beau réseau euh pour les pédophiles  /$ $ ou ce genre de truc quoi mais c'est super simple quoi  /$					
$ bah cette année j'ai pas trop eu le temps d'y aller  /$ mais c'est vrai que ça peut être sympa parce que bah euh					
nous on parle tous de la même manière hm c'est sûr que ça peut être enrichissant euh d'un certain niveau d'avoir					
c'est notre identité c'est à nous personne peut nous le prendre $ ouais  /$			1		
c'est je pense que ça peut ête quelque chose d'intéressant ouais c'est sûr					
j'ai pas spécialement d'anecdote maintenant ça peut être amusant et agaçant à la fois d'entendre euh	1				
tout ce qui est produit donc ça peut être des matières premières hm					
$ conforme  /$ et qui peut être utilisé dans un médicament $ donc euh y a  /$					
$ Ok  /$ euh c'est-à-dire est-ce que ce médicament peut être euh euh employé					
et euh ben en analyse contrôle euh on peut travailler dans toutes sortes d'industrie euh la cosmeto- euh			1		
mon projet à faire donc euh non je vais être bien occupée pendant les vacances $ mais je vais pouvoir dormir quand même je vais  /$ des vacances assez euh ouais			1		
mieux placés ouais pour pouvoir répondre euh hm			1		
hm tu pourrais y aller quand tu voulais ouais je pouvais y aller comme je voulais			1		
tu pourrais y aller quand tu voulais ouais je pouvais y aller comme je voulais $ hm  /$			1		
$ parce que c'est vrai q-  /$ la seule chose qu'on pourrait se plaindre un peu d'Orléans c'est que c'est pas très actif	1				
donc euh après euh ça pourrait être sympa $ mais je sais pas là on n'avait plus trop de nouvelles  /$	1				
ce serait pas mal $ ça pourrait être  /$ ça pourrait être sympa	1				
$ ça pourrait être  /$ ça pourrait être sympa $ attractif même pour la  /$	1				
