phrase	éventualité	permission	possibilité matérielle ou capacité	sporadicité	doute
oui oui bien sûr $ je peux demander lequel ?  /$ Larousse		1			
$ hum ?  /$ je peux rester un an sans aller au cinéma puis nous irons trois semaines de suite $ hm  /$			1		
$ non  /$ $ est-ce que je peux vous demander de quel côté vous vous placez politiquement dans le spectre ?  /$ je fais pas du tout de politique mais enfin je penche  plutôt vers le centre		1			
$ oui  /$ n'est-ce pas ? mais par contre moi je peux pas tout faire donc certaines commandes  je garde la partie technique et je leur repasse la la partie artistique $ ah oui  /$			1		
$ bon signe  /$ oui c'est c'est plutôt bon signe  évidemment à partir d'un certain âge on a réagi euh  enfin c- ce que je peux dire le mauvais sens on a dit ah c'est plus notre église c'est plus l'église traditionnelle on peut pas prier là-dedans on $ ah bon  /$		1			
$ euh  /$ $ je peux  /$ les  me tromper mais enfin euh			1		
$ si s'il y a des bêtises je je n'en ai pas remarquées  /$ oh vous êtes trop aimable  je peux vous 					
$ ah bon  /$ $ enfin est-ce qu'elle euh peut se venger de son côté est-ce qu'il y a des choses chez  /$ $ ah bien sûr elle  /$			1		
$ ou est-ce que ça dépend du du jeu de ping-pong  /$ vous savez on peut pas dire que ce soit cinquante pour cent chacun je n'en sais rien hein ? $ point d'interrogation  /$		1			
$ euh par exemple ?  /$ je sais pas moi ça peut être du Bach du Mozart ou  ce qui m'empêche $ euh est-ce que vous pratiquez un instrument ?  /$	1				
oui $ maintenant on peut passer aux choses sérieuses aux choses plus intéressantes  /$ ah oui			1		
ils sont d'ailleurs très gênants au point de vue commercial $ ce n'est pas évidemment du moment qu'il s'agit d'ecclésiastiques on peut guère les syndiquer  /$ ben oui justement alors ils ne payent pas ils ne payent pas les les charges sociales que nous payons nous ils n'ont pas les mêmes charges euh  et ils arrivent euh à avoir      que nous ne pouvons pas tenir ça c'est  oui			1		
$ évident  /$ en dehors de toute qualité artistique je l- je la mets pas en cause ça n'a rien à voir mais au point de vue  euh commercial pur nous on ne peut résister $ concurrence déloyale  /$			1		
$ récemment euh  /$ oh on peut on peut $ hm hm  /$					
$ récemment euh  /$ oh on peut on peut $ hm hm  /$					
$ oui  /$ euh et si le type a vraiment quelque chose dans le ventre comme on peut dire bon ben il a vite compris $ et ce genre d'initiation euh  /$		1			
$ ah bon  /$ sur la maquette oui  voyez-vous ? parce que euh on on peut lui dire très facilement ben vous voyez cette coupe ce verre que vous que tu as mis comme ça euh  c'est pas possible parce qu'on peut pas la couper de cette façon et cetera ou alors si tu as mis tel bleu à côté de tel rouge à dix mètres de recul ça va faire un violet donc il faut éviter cette  mais ça ça se fait presque automatiquement en parlant en discutant sur la maquette $ ah bon ?  /$		1			
$ ah bon  /$ sur la maquette oui  voyez-vous ? parce que euh on on peut lui dire très facilement ben vous voyez cette coupe ce verre que vous que tu as mis comme ça euh  c'est pas possible parce qu'on peut pas la couper de cette façon et cetera ou alors si tu as mis tel bleu à côté de tel rouge à dix mètres de recul ça va faire un violet donc il faut éviter cette  mais ça ça se fait presque automatiquement en parlant en discutant sur la maquette $ ah bon ?  /$			1		
$ bon  /$ d'accord  alors évidemment on fait d'abord on étudie un projet  pour chaque problème posé parce que vous n'avez jamais exactement le même problème tel que  ça peut varier d'éclairage de forme de de fenêtre de style si c'est un édifice euh $ oui  /$					
$ oui  /$ vous comprenez ? ou ça peut être un salon euh chez un particulier comme ça peut être une cage d'escalier bon c'est pas la même chose ou une église du quinzième et une autre du treizième c'est pas  oui $ possible  /$	1				
$ oui  /$ vous comprenez ? ou ça peut être un salon euh chez un particulier comme ça peut être une cage d'escalier bon c'est pas la même chose ou une église du quinzième et une autre du treizième c'est pas  oui $ possible  /$	1				
$ mais enfin  /$ bon  puis finalement si nous sommes d'accord euh on peut modifier légèrement la maquette et après  on fait ce que l'on appelle un carton c'est-à-dire le le ce dessin-là agrandi mais à la grandeur de la fenêtre $ ah oui oui  /$					
$ oui  /$ n'est-ce pas ?  bon autrement dit vous avez votre fragment de vitrail coloré  mais sans grisaille et à ce moment-là vous voyez si le vert à côté du jaune réagit bien si on ne s'est pas trompé à la coloration alors on peut changer une pièce ou l'autre et après on fait  la grisaille c'est-à-dire la peinture on fait les détails les ombres les mains les  le visage  oui $ et cetera  /$	1				
$ c'est  /$ si vous avez rien d'autre  euh  très variable parce que euh ça dépend de la  de la grandeur des pièces ça peut être un personnage à av- un vitrail grand comme ça et haut comme ça mais avec des pièces grosses comme mon ongle $ oui  /$	1				
$ ah oui  /$ alors c'est encore différent si vous nous si vous supprimez la cuisson les les la première mise en plomb  voyez-vous ? c'est très difficile bon enfin mettez un vitrail comme celui-ci il faut compter euh  avec toutes les opérations qu'on ne peut pas faire toujours à la suite des unes des autres il faut compter un mois et demi à peu près $ ah oui  /$			1		
$ ah oui ça  /$ fait tout de suite  y a pas de problème enfin si y a quand même des problèmes parce que l'église peut être classée monument historique alors il faut passer faire passer les  les maquettes devant les commissions  commission diocésaine d'Art Sacré commission de des Monuments Historiques à Paris sous-commission enfin ça passe devant  un tas de gens $ hm hm  /$	1				
$ pro- problèmes stylistiques là-dedans ?  /$ oui euh on peut  jusqu'à maintenant j'ai de la chance mais euh la commission peut refuser le projet purement et simplement pour des raisons euh extrêmement valables d'ailleurs ou ou non valables je n'en sais rien  mais enfin vous savez le on ne peut pas plaire à tout le monde le style d'un peintre ou d'un verrier peut plaire à  à cinquante pour cent des gens et  oui $ puis  /$			1		
$ pro- problèmes stylistiques là-dedans ?  /$ oui euh on peut  jusqu'à maintenant j'ai de la chance mais euh la commission peut refuser le projet purement et simplement pour des raisons euh extrêmement valables d'ailleurs ou ou non valables je n'en sais rien  mais enfin vous savez le on ne peut pas plaire à tout le monde le style d'un peintre ou d'un verrier peut plaire à  à cinquante pour cent des gens et  oui $ puis  /$	1				
$ pro- problèmes stylistiques là-dedans ?  /$ oui euh on peut  jusqu'à maintenant j'ai de la chance mais euh la commission peut refuser le projet purement et simplement pour des raisons euh extrêmement valables d'ailleurs ou ou non valables je n'en sais rien  mais enfin vous savez le on ne peut pas plaire à tout le monde le style d'un peintre ou d'un verrier peut plaire à  à cinquante pour cent des gens et  oui $ puis  /$			1		
$ pro- problèmes stylistiques là-dedans ?  /$ oui euh on peut  jusqu'à maintenant j'ai de la chance mais euh la commission peut refuser le projet purement et simplement pour des raisons euh extrêmement valables d'ailleurs ou ou non valables je n'en sais rien  mais enfin vous savez le on ne peut pas plaire à tout le monde le style d'un peintre ou d'un verrier peut plaire à  à cinquante pour cent des gens et  oui $ puis  /$	1				
$ il est entendu que c'est une question de réaction personnelle  /$ oui mais enfin comme c'est en commission alors euh il y a tout de même d- il y a des avis pour il y a des avis contre euh  ça peut arriver oui on peut vous demander de modifier un projet ça ça m'est arrivé de de dans un sens ou dans un autre  enfin ça c'est à discuter aussi avec  oui $ euh  /$	1				
$ il est entendu que c'est une question de réaction personnelle  /$ oui mais enfin comme c'est en commission alors euh il y a tout de même d- il y a des avis pour il y a des avis contre euh  ça peut arriver oui on peut vous demander de modifier un projet ça ça m'est arrivé de de dans un sens ou dans un autre  enfin ça c'est à discuter aussi avec  oui $ euh  /$	1				
$ vous n'êtes pas là pour euh  /$ ah si on peut présenter son projet  ah bon $ personnellement  /$			1		
$ personnellement  /$ bien sûr oui oui on peut défendre euh  pas toujours mais enfin $ enfin vous avez quand même la possibilité de les convaincre  /$			1		
$ merci oui  /$ oui on peut dire moi je l'ai vu de telle façon pour telle raison voilà $ oui  /$		1			
$ hm  /$ j'ai un très bon confrère euh à Chartres justement mais lui a des  a toute une chaîne de représentants en Amérique euh alors là ça suppose vraiment une organisation importante euh  c'est un autre genre de travail quoi  enfin ça peut arriver $ enfin jusqu'ici nous avons parlé des des vrais vitraux  /$	1				
si j'ose dire oui $ mais on peut  /$ j'ose toujours pas vous offrir ça  euh merci je préfère			1		
$ pour  /$ hm hm  essayer de de d- dès le départ de de de faire quelque chose de cohérent parce que très souvent les architectes euh  créent quelque chose puis au dernier moment ils se disent ah mais y a des trous y a des vitraux et quand tout est fait on n'est pas responsable de l'architecture on n'y peut rien  et on se place devant des problèmes  euh euh qui vraiment ont été mal étudiés au point de vue vitraux dès le  oui $ départ  /$			1		
$ du moment qu'y aurait que le terrain  /$ pourquoi pas ? mais s- même sur les maquettes même sur les croquis sur les ébauches sur tout euh  on peut dire à un architecte eh ben voyez euh c'est oui très beau vous mettez des poteaux de béton comme ci comme ça mais là vous allez avoir un problème d'aveuglement  n'est-ce pas donc est-ce qu'il y a pas moyen puis alors cette surface de verre va être trop importante est-ce qu'il y a pas moyen de  de jouer sur les formes les volumes les choses comme ça en tenant compte de de nous qui vous apportons ceci $ oui  /$		1			
$ bon signe  /$ oui c'est c'est plutôt bon signe  évidemment à partir d'un certain âge on a réagi euh  enfin c- ce que je peux dire le mauvais sens on a dit ah c'est plus notre église c'est plus l'église traditionnelle on peut pas prier là-dedans on $ ah bon  /$			1		
$ mais enfin je crois que  /$ pas tellement c'est la même chose mais  je crois que ça ne peut être que bénéfique pour un pour la ville $ hm  /$			1		
$ oui bien sûr  /$ euh la culture  c'est c'est c'est un monde  ça peut être une façon même une façon de vivre la culture ça peut être  sais pas moi  c'est difficilement explicable  mais enfin on pourrait si n- si on réussissait déjà  auprès des jeunes à leur apprendre à apprécier une belle chose qu'elle soit ancienne ou moderne euh  et qu'ils comprennent pourquoi elle est belle ça serait déjà une forme de culture  oui $ qu'on leur apporterait  /$	1				
$ oui bien sûr  /$ euh la culture  c'est c'est c'est un monde  ça peut être une façon même une façon de vivre la culture ça peut être  sais pas moi  c'est difficilement explicable  mais enfin on pourrait si n- si on réussissait déjà  auprès des jeunes à leur apprendre à apprécier une belle chose qu'elle soit ancienne ou moderne euh  et qu'ils comprennent pourquoi elle est belle ça serait déjà une forme de culture  oui $ qu'on leur apporterait  /$	1				
ça c'est certain $ ça s'est produit en Angleterre et on peut imputer ça à une série d'émissions  /$ mais bien  une série			1		
$ ce n'est pas évidemment du moment qu'il s'agit d'ecclésiastiques on peut guère les syndiquer  /$ ben oui justement alors ils ne payent pas ils ne payent pas les les charges sociales que nous payons nous ils n'ont pas les mêmes charges euh  et ils arrivent euh à avoir      que nous ne pouvons pas tenir ça c'est  oui $ évident  /$			1		
$ ah oui  /$ voyez-vous ? bon  alors si dans ce cas comme dans ce cas-ci  c'est un un personnage donc il y a des choses que vous ne pouvez pas faire uniquement avec du verre et du plomb par exemple ces cheveux-là le nez la bouche  oui $ et cetera  /$			1		
$ s'il en a conscience  /$ ça le ça le  on va peut-être pouvoir il va peut-être pouvoir se sauver  ah c'est à lui de réagir hein ? $ oh j'ai l'impression que ça vient  /$			1		
$ s'il en a conscience  /$ ça le ça le  on va peut-être pouvoir il va peut-être pouvoir se sauver  ah c'est à lui de réagir hein ? $ oh j'ai l'impression que ça vient  /$			1		
$ de bon ?  /$ oui oui  oui j'espère  alors là enfin  à ce moment-là on va pouvoir aller au théâtre moi je vais jamais au théâtre à Orléans parce que c'est une ancienne église transformée  et vous avez toujours une colonne devant la tête  toujours  alors euh bon au point euh de vue décor on vous mettra très facilement euh  si vous allez voir par exemple les Trois Mousquetaires on vous mettra un fauteuil Louis XV  bon euh il y en a beaucoup que ça ne gêne pas moi ça m'embête $ hm oui  /$			1		
$ ah bon  /$ moi j'ai peur et c'est un peu ce que je vous disais avant c'est que  ça devient le monopole d'un milieu et puis alors ça devient le fromage où l'on place oui  justement les gens de ce milieu qui  pour des raisons X n'ont pas pu faire autre chose qui peuvent peut-être euh $ il me semble que ce n'était pas tout à fait l'idée du début  /$			1		
