phrase	éventualité	permission	possibilité matérielle ou capacité	sporadicité	doute
$ comme tu /$ peux $ oui /$			1		
$ devant /$ les volets sans vraiment se rendre compte que toi tu es juste de l'autre côté voilà puis même la la proximité euh les gens peuvent taper à la fenêtre des fois il y en a qui tapent d'ailleurs donc on se sent un petit peu mieux à l'étage déjà la vue et la lumière c'est plus sympa quoi $ plus protégés alors /$			1		
$ petit qui /$ ouais bah quand on (n') est pas très motivés on peut descendre juste en bas pour euh quelques minutes enfin quelques minutes pour une petite heure y a des tables de ping-pong y a le sable donc les enfants peuvent s'amuser mais c'est vrai que René-Le Gall c'est quand même plus grand les enfants ont plus de chance de rencontrer des amis maintenant y a la petite buvette avec le café pour les parents donc $ ah /$			1		
$ petit qui /$ ouais bah quand on (n') est pas très motivés on peut descendre juste en bas pour euh quelques minutes enfin quelques minutes pour une petite heure y a des tables de ping-pong y a le sable donc les enfants peuvent s'amuser mais c'est vrai que René-Le Gall c'est quand même plus grand les enfants ont plus de chance de rencontrer des amis maintenant y a la petite buvette avec le café pour les parents donc $ ah /$			1		
$ oui /$ mais bon sinon avec des bouées c'est quand même sympa et puis bon y a le le début du grand bassin qui est pas trop pas trop profond donc ça ça ça ça peut aller aussi $ d'accord /$	1				
$ ouais /$ euh donc avec euh des trucs un petit peu plus jolis ça fait un petit peu plus histori- vieux Paris des jolis euh lampadaires euh ce genre de choses René-Le Gall qui s'est modernisé puisque maintenant il a sa petite buvette et son wifi pour ceux que ça intéresse euh bon après on peut rentrer dans le débat de la circulation automobile dans le quartier euh avec des voies de bus euh maintenant énormes des rétrécissements de chaussées un peu partout des places de stationnement de moins en moins nombreuses ce qui fait que ça change quand même pas mal la vie du quartier quand on était rue du Banquier quand même je sais plus si c'est trop le cas parce que j'y suis plus là tous les matins mais c'est vrai que ça a causé d'énormes $ embouteillages /$		1			
$ c'est pas le shopping là /$ après tu as le Treizième un peu plus éloigné là où il faut encore un petit peu marcher mais c'est le Quartier chinois et puis après tu as vraiment le quartier du Treizième qui est un peu loin pour nous mais qui commence à être sympa parce que y a pas mal de choses qui se développent c'est tout le quartier de la bibliothèque François-Mitterrand où il commence à y avoir un peu d'activité là autour de la bibliothèque avec la petite passerelle sur euh sur Bercy sur le jardin de Bercy de l'autre côté qui est plus dans le Treizième mais dans lequel on peut aller se balader parce que finalement c'est pas si loin que ça $ et /$			1		
$ ça dépend /$ on peut tenter le vélo quand il fait beau on sinon on essaye d'y aller en voiture c'est le genre d'endroits où on va en voiture plutôt d'ailleurs parce que le métro c'est un peu enfin moi je suis pas un fan du métro puis en plus avec les enfants $ ouais /$			1		
$ de l'immeuble de la rue de /$ non je p- je pense qu'on est parisiens quand même surtout quand on a des provinciaux en face on a quand même un peu l'étiquette Parisien euh ceci dit je me sens aussi partie du du Treizième parce que parce que je pense que c'est un quartier qui a son identité quand même euh à savoir euh c'est ni complètement bourgeois comme il peut y avoir dans le sud le Seizième et tout ça c'est pas non plus complètement populaire comme tu peux avoir dans le Dix-neuf dans le Dix-huit je trouve que le Treizième c'est assez mélangé en fait y a un petit peu de tout la proximité du Cinquième fait qu'une partie du Treizième est un peu un peu bourgeoise et puis la proximité du périph et donc de la banlieue fait que y a un côté un peu plus populo sur le sur le sur les côtés qui sont du périph tu as le Quartier chinois qui est aussi euh partie prenante dans l- dans le Treizième et qui qui amène autre chose quoi je trouve que c'est assez m- assez mélangé c'est c'est aussi y a aussi un des petits côtés un peu plus un peu plus historiques Paris quand on est vers le Cinquième des côtés un peu plus modernes tout le côté Manufacture qui est qui est aussi vieux Paris et qui est vachement sympathique je trouve donc je trouve que le Treizième quand même je me me plaît pour ça quoi parce que moi je suis aussi un peu au milieu de tout ça quoi je suis pas dans la grande bourgeoisie ni dans dans dans le grand populaire je suis un peu entre les deux et ça m- ça me plaît bien pour ça le Treizième en fait $ d'accord donc tu tu te sens plutôt comme un habitant du Treizième en fait /$	1				
$ ou tu /$ j'ai ouï-dire par des gens de l'immeuble que y avait ou y a eu beaucoup de médecins ce qui peut paraître un peu étonnant dans des logements sociaux mais y a aussi quelques personnes âgées euh qui d'apparence ont l'air d'avoir des revenus plus modestes donc y avait pas que du pistonnage $ y avait pas que ça /$			1		
$ de parler-là /$ bah parce que ça fait un peu l- pas langage secret mais c'est vrai que je p- enfin à à l'adolescence je pense que tu tu tu as une façon de parler quand même qui est qui peut être différente enfin moi je me rappelle personnellement en tout cas c'était mon cas et c'est vrai que quand il s'agit d'aller travailler plus tard il faut faire à un moment donné un certain-z-effort pour gommer certaines expressions de ton langage qui pourraient faire un peu un peu djeuns révolté quoi $ et euh /$	1				
$ annexe /$ passe un peu en arrière-plan parce qu'ils considèrent que que ça peut être fait à la maison $ et toi-même tu /$			1		
$ et Juliette ira là-bas aussi /$ euh c'est pas sûr c'est pas sûr parce que d'ici là y a quand même l'autre école qui est beaucoup plus près et on (n') a a priori pas de raison de je suis ça ça dépend je dis faut qu'on fasse nos calculs le problème c'est de savoir quand le moyen sortira de l'école si elle doit y rentrer bah peut-être qu'on sera obligés de la mettre parce qu'on peut pas faire plusieurs sorties en même temps quoi c'est pour ça que le deuxième est allé là-bas alors qu'il aurait pu aller $ aller /$			1		
$ connu des changements ou ton travail ou des /$ bah moi je travaillais pas à Paris jusqu'à y a quatre ans et j'ai changé de travail et un des points positifs pour moi c'est que justement mon nouveau travail se situait dans le Treizième et pas loin de là où j'habitais et que travailler à Paris quand on habite à Paris et qu'on peut y aller à pied je pense que c'est un confort énorme énorme peu de transports et même pas de transports c'est je pense dans la qualité de vie c'est non négligeable $ donc ça a été plutôt euh /$			1		
$ ouais /$ pour d'autres ça doit être plus simple mais c'est vrai que bon c'est les devoirs c'est long et puis après y a les douches et puis les enfants sont fatigués donc ils ont pas forcément envie et puis nous aussi on peut être un peu fatigués donc on c'est compliqué donc euh c'est vrai que c'est une période qui est un peu difficile $ mais et sinon pour l- pour l'entretien le ménage tout ça /$	1				
$ c'est le /$ c'est quand on peut donc c'est pas forcément le soir c'est peut-être plus le week-end on essaye de dégager un peu de temps pour soi /s-, ç-/ pou- pour ça ça peut être le soir aussi pour tout ce qui est machine à laver le linge la vaisselle tout ça enfin bon on essaie d'en faire le soir aussi et non non le soir en rentrant à dix-neuf heures on (n') a pas le temps de s'occuper de la maison $ ouais /$			1		
$ c'est le /$ c'est quand on peut donc c'est pas forcément le soir c'est peut-être plus le week-end on essaye de dégager un peu de temps pour soi /s-, ç-/ pou- pour ça ça peut être le soir aussi pour tout ce qui est machine à laver le linge la vaisselle tout ça enfin bon on essaie d'en faire le soir aussi et non non le soir en rentrant à dix-neuf heures on (n') a pas le temps de s'occuper de la maison $ ouais /$				1	
$ la promenade ou /$ est plutôt réservé aux loisirs effectivement parce que les enfants sont effectivement là donc il faut aussi les occuper donc c'est c'est aussi en partie pour les devoirs parce que les devoirs ça prend du temps aussi après on essaie effectivement de sortir de sortir et et et de s'occuper aussi un peu de la maison donc c'est un peu un compromis le week-end quoi des fois ça va être plus de la sortie des fois ça va être plus du du ménage enfin quand les enfants vont chez les copains par exemple ça nous laisse du temps pour la maison mais le week-end effectivement c'est plus consacré aux sorties donc euh quand il fait beau ça va être plus René-Le Gall par exemple où ils vont retrouver leurs copains faire leur foot et tout ça ça leur plaît sinon ça peut être sortir de Paris aussi parce que bah voir du vert ça fait du bien de temps en temps aussi $ vous allez où alors vous allez /$				1	
$ vous allez où alors vous allez /$ ça peut être la campagne parce que mes parents ont une petite maison à la campagne ça peut être aller voir des amis en banlieue qui ont des maisons donc qui ont pris le parti euh d'avoir des week-ends plus au vert mais des transports un peu $ voilà /$				1	
$ oui /$ donc nous on peut profiter le week-end d'un barbecue et d'un jardin euh puis sinon ça peut être aussi profiter de Paris quand on peut c'est-à-dire les spectacles les parcs euh ça peut être aussi aller voir un peu les grands-parents aussi qui sont $ qui sont /$			1		
$ oui /$ donc nous on peut profiter le week-end d'un barbecue et d'un jardin euh puis sinon ça peut être aussi profiter de Paris quand on peut c'est-à-dire les spectacles les parcs euh ça peut être aussi aller voir un peu les grands-parents aussi qui sont $ qui sont /$				1	
$ oui /$ donc nous on peut profiter le week-end d'un barbecue et d'un jardin euh puis sinon ça peut être aussi profiter de Paris quand on peut c'est-à-dire les spectacles les parcs euh ça peut être aussi aller voir un peu les grands-parents aussi qui sont $ qui sont /$			1		
$ oui /$ donc nous on peut profiter le week-end d'un barbecue et d'un jardin euh puis sinon ça peut être aussi profiter de Paris quand on peut c'est-à-dire les spectacles les parcs euh ça peut être aussi aller voir un peu les grands-parents aussi qui sont $ qui sont /$				1	
$ à Paris /$ ouais ouais euh donc euh non le week-end c'est on essaie de sortir donc quand on arrive à à ne pas avoir les enfants ça peut être faire un peu de shopping c'est-à-dire se refaire l'intérieur de la maison la garde-robe enfin tout ce qu'on faisait et qu'on fait plus et que quand on fait plus ça nous manque et donc on aime bien aussi tout ça $ et est-ce que les grands-parents vous aident pour garder les enfants par exemple ou /$				1	
$ à une baby-sitter plutôt /$ $ on peut avoir ouais /$ ça nous arrive oui donc on a aussi euh les baby-sitters quand on (n') a pas les grands-parents en général on essaye d'abord les grands-parents et puis quand on peut pas c'est la baby-sitter ou quand on sent qu'ils sont un peu crevés				1	
$ on peut avoir ouais /$ ça nous arrive oui donc on a aussi euh les baby-sitters quand on (n') a pas les grands-parents en général on essaye d'abord les grands-parents et puis quand on peut pas c'est la baby-sitter ou quand on sent qu'ils sont un peu crevés $ et les frères et soeurs par exemple ou je sais pas si tu as des /$			1		
$ Treizième ou c'est /$ euh je sais p- oui ça peut être encore le Treizième ou c'est le Cinquième c'est vers le Jardin des Plantes donc c'est $ d'accord c'est pas /$				1	
$ j'imagine /$ non non mais moi je enfin moi je moi je je suis pas personnellement pour avoir des animaux familiers donc euh ça me dérange pas particulièrement chez les autres quoique quand je vois le nombre de crottes de chien sur les trottoirs des fois ça me gêne un peu euh mais je suis pas excédé par ça quoi enfin c'est pas c'est pas une nuisance que je trouve par- plus particulièrement importante que les autres enfin c'est effectivement y a des chiens à part les chiens euh dans la rue on rencontre quand même assez peu de d'autres animaux euh bon par contre Maud a peur des chiens et donc c'est vrai que dans l'immeuble on (n') apprécie pas les chiens ils sont pas bruyants mais ils sont là et notamment nous avons un pitbull au sixième étage et donc c'est un chien qui a quand même une assez mauvaise réputation et qui même s'il est très gentil a priori fait peur euh donc c'est ça peut être un problème $ il est pas toujours avec euh une muselière c'est /$				1	
$ donc v- vers les Gobelins vous /$ bah rue du Banquier en face de notre autre appartement on avait un restaurant thaïlandais qui était extraordinaire et pas cher avec euh des gens extrêmement sympathiques à l'intérieur ce qui fait qu'on a beaucoup de plaisir à y aller ah oui tu peux y aller avec les enfants parce que c'est jamais bondé et puis eux-mêmes ont des enfants et puis ils sont ils sont enfin ils sont très gentils quoi donc c'est vrai que c'est plus facile $ et donc est-ce que vous aimeriez euh /$			1		
$ est /$ pratique sympathique peu onéreux donc c'est facile d'y aller c'est pas loin c'est gratuit donc euh on essaie d'y aller euh quand on peut $ c'est une carte pour les familles nombreuses /$			1		
$ comment comment tu /$ euh je je crois qu'on fait partie de ce qu'on appelle la middle-class ou classe moyenne c'est-à-dire un peu comme ce que j'ai dit tout à l'heure c'est pas la la la la grande bourgeoisie riche et propriétaire de de certaines choses dans Paris parce que en fait ça fait pas si longtemps qu'on est dans Paris entre guillemets dans la famille donc on (n') a pas de de biens comme certaines personnes qui ont des immeubles ou ce genre de choses on (n') est pas non plus vu nos revenus des pauvres donc on (n') est pas non plus dans la couche vraiment populaire si on peut les séparer comme ça les couches sociales donc nous on se sent un peu au milieu effectivement c'est-à-dire ni très pauvres ni très riches en termes de de revenus après je sais pas si y a d'autres façons de définir les couches sociales enfin on (n') est pas on (n') est pas dans la couche ouvrière on est dans les couches salariées salariées moyennes $ et tu as l'impression que ceux qui habitent dans cet immeuble c'est la même chose ou /$		1			
$ ah oui /$ oui mais je pense que c'était sciemment qu'il a mordu je pense que y a eu un problème entre le maître et une personne X et que il lui a lancé le chien dessus quoi mais ce ne sont que des suppositions mais ceci dit ça ne renforce pas la confiance que tu peux avoir dans cette petite bête qui se promène de temps en temps dans l'immeuble $ d'accord /$				1	
$ l'appartement aussi /$ la seule chose qui nous ferait déménager c'est de pouvoir acheter je pense parce que louer je pense qu'on trouvera pas mieux à ce prix-là donc euh investir et puis pouvoir euh acheter un logement ce serait une éventualité mais à Paris c'est quand même très dur donc pour l'instant je pense qu'on va rester ici $ oui /$			1		
$ l'appartement aussi /$ la seule chose qui nous ferait déménager c'est de pouvoir acheter je pense parce que louer je pense qu'on trouvera pas mieux à ce prix-là donc euh investir et puis pouvoir euh acheter un logement ce serait une éventualité mais à Paris c'est quand même très dur donc pour l'instant je pense qu'on va rester ici $ oui /$			1		
$ ouais /$ pour pouvoir avoir plus grand autant y a un moment où on se dit il vaut mieux être dans un appartement plus petit mais avec des écoles où dont on est sûrs de de la qualité de l'enseignement quoi parce que après ça veut dire soit des soucis soit le privé soit ceci soit cela donc c'est vrai quand on est contents d'un quartier et et des écoles on a tendance à vouloir y rester aussi $ c'est sûr /$			1		
$ toutes les /$ activités qu'y avait dans le quartier puis après y a eu en fonction euh du tarif en fonction des horaires en fonction de ce que les enfants voulaient faire donc au final il a il reste pas tant que ça de choix parce que bah quand tu en as trois il faut jongler un petit peu avec tout ça et donc finalement bon bah après si vraiment ils veulent pas ils veulent pas mais au bout du compte sur le le le choix qu'y a il en reste pas tant que ça quoi donc c'est quand même eux qui ont un petit peu choisi mais on les a quand même orientés en fonction de ce qu'on pouvait faire derrière $ d'accord /$			1		
$ sans rien parce /$ qu'on aime bien pouvoir justement partir en week-end et pas être scotchés à Paris parce qu'il y a les activités des enfants quoi $ donc plu- /$			1		
$ Pinel /$ ouais enfin qu'ils voulaient fermer ça a jamais été très clair mais bon on s'est rendu compte que en fait il existait plein de choses au niveau de la mairie les conseils de quartier les conseils d'arrondissement ce genre de choses que pour certains travaux restructurations de machin y avait des des projets que tu pouvais aller v- aller voir à la mairie et cetera donc c'est vrai que quand on a le temps on y va je dis pas qu'on y va souvent mais euh euh quand y a eu pour ces problèmes là pour les jardins d'enfants c'est vrai que c'était une période où on essayait d'y aller un peu pour voir ce qu'ils allaient faire du quartier de certaines choses on a p- on a été à certaines réunions on a été voir on a été écouter euh René-Le Gall ils voulaient faire pas mal de de de travaux aussi donc c'est des trucs qu'on a regardés pas pas à fond mais c'est vrai qu'on s'est un peu renseignés on a regardé parce qu'ils avaient fait beaucoup de communication là-dessus aussi donc on a lu ce genre de choses ça nous intéresse parce que c'est quand même la vie du quartier aussi quoi $ bien sûr /$		1			
$ ah oui /$ donc euh bon c'est vrai qu'on est on reste quand même vigilants à ce qui se fait parce qu'on (n') a pas non plus envie de enfin d'avoir des trucs dans tout le quartier qui pourraient dégrader la la qualité de vie quoi par exemple s'ils voulaient fermer la piscine de la Butte-aux-Cailles je pense que je me mob- mobiliserais peut-être pour dire que cette piscine elle est pas mal mais enfin bon $ pareil pour le jardin d'enfants /$			1		
$ de parler-là /$ bah parce que ça fait un peu l- pas langage secret mais c'est vrai que je p- enfin à à l'adolescence je pense que tu tu tu as une façon de parler quand même qui est qui peut être différente enfin moi je me rappelle personnellement en tout cas c'était mon cas et c'est vrai que quand il s'agit d'aller travailler plus tard il faut faire à un moment donné un certain-z-effort pour gommer certaines expressions de ton langage qui pourraient faire un peu un peu djeuns révolté quoi $ et euh /$	1				
$ ouais /$ ils sont un peu plus je pense qu'ils y en a qui pourraient être à la retraite mais qui ont continué un petit peu y en a qui y sont pas encore tout à fait y en a qui sont en libéral donc euh $ qui continuent à travailler /$			1		
$ ça fait /$ y a un an et demi pour cause de place surtout parce que l'autre était trop petit et on a pu déménager parce qu'on a eu l'opportunité de l'OPAC parce que $ voilà /$			1		
non non non $ ça aurait pu /$ $ non non /$				1	
$ et Juliette ira là-bas aussi /$ euh c'est pas sûr c'est pas sûr parce que d'ici là y a quand même l'autre école qui est beaucoup plus près et on (n') a a priori pas de raison de je suis ça ça dépend je dis faut qu'on fasse nos calculs le problème c'est de savoir quand le moyen sortira de l'école si elle doit y rentrer bah peut-être qu'on sera obligés de la mettre parce qu'on peut pas faire plusieurs sorties en même temps quoi c'est pour ça que le deuxième est allé là-bas alors qu'il aurait pu aller $ aller /$			1		
$ ça aussi /$ extrêmement souvent avec une muselière avec un maître extrêmement poli mais ça reste quand même un pitbull à savoir que tu sais jamais s'il va pas te sauter dessus quoi et même s'il a une muselière je veux dire si par hasard il était pas en laisse je pense qu'il pourrait très largement bousculer un enfant $ d'accord /$			1		
$ de l'immeuble de la rue de /$ non je p- je pense qu'on est parisiens quand même surtout quand on a des provinciaux en face on a quand même un peu l'étiquette Parisien euh ceci dit je me sens aussi partie du du Treizième parce que parce que je pense que c'est un quartier qui a son identité quand même euh à savoir euh c'est ni complètement bourgeois comme il peut y avoir dans le sud le Seizième et tout ça c'est pas non plus complètement populaire comme tu peux avoir dans le Dix-neuf dans le Dix-huit je trouve que le Treizième c'est assez mélangé en fait y a un petit peu de tout la proximité du Cinquième fait qu'une partie du Treizième est un peu un peu bourgeoise et puis la proximité du périph et donc de la banlieue fait que y a un côté un peu plus populo sur le sur le sur les côtés qui sont du périph tu as le Quartier chinois qui est aussi euh partie prenante dans l- dans le Treizième et qui qui amène autre chose quoi je trouve que c'est assez m- assez mélangé c'est c'est aussi y a aussi un des petits côtés un peu plus un peu plus historiques Paris quand on est vers le Cinquième des côtés un peu plus modernes tout le côté Manufacture qui est qui est aussi vieux Paris et qui est vachement sympathique je trouve donc je trouve que le Treizième quand même je me me plaît pour ça quoi parce que moi je suis aussi un peu au milieu de tout ça quoi je suis pas dans la grande bourgeoisie ni dans dans dans le grand populaire je suis un peu entre les deux et ça m- ça me plaît bien pour ça le Treizième en fait $ d'accord donc tu tu te sens plutôt comme un habitant du Treizième en fait /$				1	
$ où euh /$ où y a des infos mais je p- je pense quand même que ce qui marche le mieux c'est le bouche à oreille et euh dans le Treizième notamment on a on a la la Cachette là qui a bah un petit théâtre pour les petits donc qui est qui est qui est sympa parce que les enfants quand i- quand ils sont tous petits tu as enfin tu as pas forcément des spectacles et quand il pleut des fois c'est sympa de les amener au spectacle donc euh c'est vrai qu'on va plus facilement dans le quartier quand même euh pour des petits spectacles quoi tout ce qui est théâtre pour enfants ce genre de choses quoi et sinon pour les plus grosses productions tu as pas trop le choix quoi enfin ça je pense que c'est la pub que tu peux voir à droite à gauche et et voilà $ sinon tu /$				1	
