phrase	éventualité	permission	possibilité matérielle ou capacité	sporadicité	doute
$ et puis il y a quand même un problème financier hein quand même hein /$ $ mais euh du coup vous pouvez pas travailler par exemple avec les lycées et /$ il y en a pas et puis les lycées si vous voulez maintenant les livres sont gratuits euh nous dans le quartier on a on a pas de lycée déjà il y a deux collèges la rue euh rue d'Alésia mais ce ce il y a pas de lycée et la seule école privée qu'il y avait dans le quartier moi avec qui j'ai travaillé un peu quand je suis arrivée ici a fermé il y a maintenant pfou peut-être au moins douze ans je pense hein douze treize ans			1		
$ mais quand vous dites /$ $ on connaissait tout le monde ca veut dire que vous vous pouviez jouer dehors on vous laissait /$ oui enfin à l'époque la la rue Daguerre était pas piétonne comme elle l'est maintenant euh c'était une rue une petite rue commerçante comme il y en avait beaucoup comme la rue Mouffetard bon comme beau- beaucoup existaient existent encore un petit peu dans Paris mais il y en a de moins en moins quand même et euh oui oui alors nous on était souvent dans la rue oui bien sûr		1			
$ les courses traînaient un peu du coup /$ oui beaucoup ben évidemment alors moi j'allais je je tous tous les tous les commerçants que je connaissais ah ben alors ça va la petite aujourd'hui tu as passé une bonne journée tu as et comme je suis quand même j'étais je je suis et j'étais déjà à l'époque très bavarde euh donc c'est vrai que ça pouvait durer très longtemps mais j- moi j'adorais ça ah ma soeur elle était plus timide plus réservée donc elle euh s'occupait plutôt plus de la maison parce que comme beaucoup d'enfants de commerçants on faisait quand même beaucoup pas mal à la maison quoi mes parents avaient des gros gros horaires hein donc euh $ d'accord mais les courses ça commence /$	1				
$ d'accord mais les courses ça commence /$ voilà les courses et puis bon dès qu'on a un petit peu que maman nous a montré bon voilà il y avait les les on on aidait beaucoup à la maison donc on préparait ce qu'on pouvait euh déjà pour les repas souvent et puis voilà et puis c'était comme ça je pense que vous vous avez connu ça aussi euh on mettait la table on voilà il y avait beaucoup de choses qu'on faisait $ quand même /$			1		
$ on allait très souvent /$ $ vous pouviez aller /$ au square on jouait dans le square			1		
$ ce qu'il n'y a pas du tout dans l'autofiction hein /$ l'autofiction il y a aucune histoire ces gens qui se répandent sur eux-mêmes sur euh trois cents pages euh donc il y a c'est déjà pas porteur quelque part hein ce ce ce genre de alors que bon on peut dire par exemple pour Claudel oui c'est un vrai romancier parce que il y a il recrée des lieux il a ses propres son propre imaginaire son propre et puis euh et puis bon il y a il y a cette écriture et cette façon de de cette façon de faire hein $ quelque part il y a un vrai voilà oui oui ah oui /$		1			
$ la quatrième de couverture /$ mais pourquoi celui-là et pas celui d'à côté euh je sais pas ça peut être l'auteur ça peut être le titre la couverture peu importe il y a quand même une forme d'attirance vers euh je crois que c'est un peu comme pour les êtres les êtres vivants il y a des rencontres qui se font et d'autres pas et les les gens ont les lecteurs ont perdu ce ils ont besoin beaucoup maintenant d'être assistés ils ont pas entendu parler ils ont pas et je leur dis mais allez-y allez-y $ vous croyez que c'est /$	1				
$ la quatrième de couverture /$ mais pourquoi celui-là et pas celui d'à côté euh je sais pas ça peut être l'auteur ça peut être le titre la couverture peu importe il y a quand même une forme d'attirance vers euh je crois que c'est un peu comme pour les êtres les êtres vivants il y a des rencontres qui se font et d'autres pas et les les gens ont les lecteurs ont perdu ce ils ont besoin beaucoup maintenant d'être assistés ils ont pas entendu parler ils ont pas et je leur dis mais allez-y allez-y $ vous croyez que c'est /$	1				
$ ouais /$ $ ben on peut plus tenir /$ on peut plus tenir ou alors il nous faut plus grand et on peut pas			1		
$ ben on peut plus tenir /$ on peut plus tenir ou alors il nous faut plus grand et on peut pas $ on peut pas dans le quartier /$			1		
$ ben on peut plus tenir /$ on peut plus tenir ou alors il nous faut plus grand et on peut pas $ on peut pas dans le quartier /$			1		
on peut plus tenir ou alors il nous faut plus grand et on peut pas $ on peut pas dans le quartier /$ $ et on peut pas acheter dans Paris /$			1		
$ on peut pas dans le quartier /$ $ et on peut pas acheter dans Paris /$ ah oui mais ça ah ça c'est un énorme problème hein et je pense que si on a des problèmes maintenant de clientèle euh bon moi qui suis une vieille Parisienne peut-être que je me trompe mais moi j'ai quand même beaucoup l'impression que cette ville est devenue euh bon on va dire le centre une ville musée les les les arrondissements extérieurs un petit peu bon euh comme les nôtres des arrondissements dortoirs			1		
$ oui oui oui oui oui /$ $ de temps en temps on peut se dire que /$ $ ce qui a /$		1			
bon je sais qu'il y en a /un, / là ils sont ils ont un problème sur l'avenue euh euh c'était bon il y avait beaucoup de vieux loyers dans cet immeuble euh je sais pas exactement ce qui s'est passé en tout cas il me semble que ça a été euh repris par un marchand de biens et qu'à un moment donné enfin bon il y a il y a eu quelque chose d'un petit peu particulier et je crois que la mairie de Paris a mis un veto sur la la vente de de $ mais il faut qu'elle puisse racheter /$ $ la mairie de Paris /$			1		
$ Paris IV et pas je ne sais pas /$ $ mais moi j'avais pas pu je m- ben je j'avais voilà au départ j'étais partie /$ $ moi Paris III ou Paris /$			1		
$ oui moi je suis partie alors attendez /$ $ vous auriez pu vous aviez envie vous l'avez fait /$ est-ce que c'était l'année ben oui c'était l'année de mon bac donc à dix-sept ans moi je suis partie avec une amie on est parties toutes les deux ben avec cette copine qui habitait en haut du boulevard Arago qui était une vieille copine alors elle c'était avec c'est euh c'est peut-être une des celles que j'ai vues le plus longtemps après le après le bac et euh et on est parties toutes les deux alors très traditionnellement aux Baléares c'était ce qu'il y avait de			1		
$ donc euh /$ $ on aurait pu /$ $ penser que les gens du quatorzième étaient privilégiés restaient dans la ville mais non /$			1		
