phrase	éventualité	permission	possibilité matérielle ou capacité	sporadicité	doute
$ c'est un Paris c'est un monsieur qui travaillait sur Paris  /$ $ il a dit maintenant que je peux prendre ça  /$ hm		1			
on n'a pas encore trop changé ça va non ça peut aller c'est vrai on le voit pas non oui non c'est vrai ça on le voit pas quand même	1				
journaux tabac euh loterie $ je peux vous dire que quand euh bon le  /$ $ le fleuriste est fermé et Catherine  /$			1		
où y a y avait la crèche aux Chats Ferrés en face les trucs des impôts $ et bah comme on peut pas se garer à Orléans  /$ $ ah bah non  /$		1			
$ ah bah non  /$ on peut pas $ donc on va en tram  /$		1			
$ deux ans  /$ $ on ne peut plus prendre la la rue des Droits de l'Homme  /$ hm		1			
$ hm hm  /$ peut la reprendre on a une bretelle on tombe dessus $ ah si si vous pouvez  /$			1		
$ ah si si vous pouvez  /$ pourquoi on peut faire les deux $ ah oui  /$		1			
non avec mon mari je peux plus $ grands voyages  /$			1		
$ et  /$ $ on peut plus il veut plus rien faire  /$ $ si l'année dernière on était sur le Rhin  /$			1		
fais-toi soigner ouis c'est tout oh oui $ oh oui mais attention hein je peux pas arrêter les anti-inflammatoires  /$ $ ah ouais ouais  /$			1		
opération $ ah je peux pas  /$ $ sinon au bout de deux jours je suis sur la banquette je peux plus me relever  /$			1		
$ ah je peux pas  /$ $ sinon au bout de deux jours je suis sur la banquette je peux plus me relever  /$ ah oui donc les voyages euh			1		
$ c'est pas ça  /$ $ comme je suis traitée ça peut aller  /$ $ hm  /$	1				
ah oui $ et ben je peux te dire après je lui ai dis je sais je lui ai dis tu vois hein  /$ $ hm hm  /$			1		
euh $ moi j'en faisais six sept mais c'est tout moi je peux plus  /$ $ j'ai mal après aux hanches  /$			1		
$ ah ouais  /$ et tout je peux pas $ ah non moi j'ai le dos et faut pas trop que je  /$			1		
$ ça j'adore ça  /$ $ ben oui nous on peut pas le jeudi  /$ jeudi encore			1		
$ puis mon mari il s'est trouvé trop enfermé il voulait pas marcher  /$ $ oh bah aux Sables d'Olonne on peut marcher partout quand même  /$ $ sur le remblais sur le il peut pas c'est pas loin  /$			1		
$ oh bah aux Sables d'Olonne on peut marcher partout quand même  /$ $ sur le remblais sur le il peut pas c'est pas loin  /$ parce qu'il peinait alors il veut plus il veut pas y retourner ah bah il veut pas			1		
parce qu'il peinait alors il veut plus il veut pas y retourner ah bah il veut pas il peut pas bah oui mais il peut pas parce que au bout de dix minutes $ ah oui oui oui il s'asseoit  /$			1		
parce qu'il peinait alors il veut plus il veut pas y retourner ah bah il veut pas il peut pas bah oui mais il peut pas parce que au bout de dix minutes $ ah oui oui oui il s'asseoit  /$			1		
alors la Loire Jeanne d'Arc que j'aime $ on peut s'asseoir sur le remblais sur le  /$ ouais			1		
$ tout ce qu'elles nous racontaient  /$ $ ah elles pouvaient aller à la messe tous les dimanches je peux vous dire  /$ entre madame NPERS et madame NPERS		1			
$ mais mon mari l'épaule et tout là  /$ $ et bien j'ai dit ça peut j'ai dit à Stephan n'importe où de j'irais qu'à l'hôpital  /$ ah ouais			1		
$ quand je côtoie là des gens qui viennent de partout radins comme ils sont  /$ $ bah moi je peux vous dire que je suis d'ici et puis je suis pas radine  /$ /$			1		
non $ moi je peux vous dire que j'ai des copains des amis  /$ et ben			1		
$ hm  /$ $ on peut compter l'un sur l'autre hein  /$ ouais			1		
$ toute la famille de mon mari est de là  /$ $ je peux vous dire que c'est quelque chose  /$ ah oui		1			
$ ouais  /$ non mais euh je peux vous dire que $ ah non non  /$			1		
on sait pas ils ont essayé moi moi je ah moi je peux pas je peux pas $ on les a jamais lus ils ils ont compris  /$			1		
on sait pas ils ont essayé moi moi je ah moi je peux pas je peux pas $ on les a jamais lus ils ils ont compris  /$			1		
$ ce qui m'a gêné moi y a quelques années  /$ $ mon mari il peut pas encore supporter ça mais c'est comme ça  /$ $ c'est tout à fait  /$			1		
mais sur $ sur la nourriture elle peut pas le gaz augmente le ceci le  /$ $ hm  /$			1		
et c'est ce que je dis $ oh je sais pas mais je dis un jour ou l'autre c'est sûr qu'il pourra pas monter  /$ $ mais il veut pas faire euh se soigner  /$			1		
$ surtout une fille  /$ on pouvait pas alors		1			
huit heures et demie $ à cinq minutes près vous ne pouvez plus  /$ $ et c'est et c'est bouché ouais ouais  /$			1		
cinq $ heures et quart vous pouvez plus  /$ $ ah oui dans ce sens là c'est terrible  /$			1		
peut la reprendre on a une bretelle on tombe dessus $ ah si si vous pouvez  /$ pourquoi on peut faire les deux			1		
$ hm  /$ vous pouviez $ ça met ça vous faisait juste le long de la tan- de  /$			1		
$ et il dit faut que je te l'hospitalise il dit tu viens en quand tu veux  /$ $ mais oui mais il veut pas parce que il va pas pouvoir fumer et tout et  /$ $ et il dit non je veux pas et tout il marche vous verriez il a une canne hein souvent hein  /$		1			
oui nous on était allé jusqu'à Amsterdam $ ah oui c'est bien vous pouvez faire de l'autre côté et tout  /$ $ mais moi j'aime bien  /$			1		
ah ouais alors qu'il pourrait faire ça aux Montées $ ah ouais  /$			1		
$ vous y arrivez pas hein  /$ faisais pa sy a dix ans ah je pouvais $ pas hein y a dix ans j'aurais jamais pu  /$			1		
/$ $ vous pouvez pas vous amé-  /$ $ hm ça fait longtemps que j'y suis pas allée  /$		1			
$ hm  /$ à Saint-Privé ils ne pouvaient pas $ et y a le vieux moulin vous savez  /$			1		
$ hm hm hm  /$ donc ils ne pouvaient pas et enlever Renault $ donc ils pouvaient pas  /$			1		
donc ils ne pouvaient pas et enlever Renault $ donc ils pouvaient pas  /$ $ c'est le maire de Saint-Jean-de-la-Ruelle qui a tout fait pour pas que Renault saute  /$			1		
$ tout ce qu'elles nous racontaient  /$ $ ah elles pouvaient aller à la messe tous les dimanches je peux vous dire  /$ entre madame NPERS et madame NPERS			1		
mais tout ça on fait avec la ville d'Orléans avec le Cos vous voyez $ et ce qu'on a visité aussi qu'on pourrait pas croire  /$ $ c'est les bè- les les betteraves à Artenay  /$					
$ je pense que  /$ vous pouvez p- quand vous bougez $ beaucoup quand vous voyez quand  /$			1		
cela vous pouvez pas c'est pour ça qu'elle fait pas le soir elle dit si je compte maman l'eau la lumière le chauffage tout ça			1		
$ hm hm  /$ $ oh bah elle elle pourra me donner la recette de l'omelette  /$ /$			1		
$ c'était bien  /$ $ mais j'ai pas pu tenir j'avais  /$ $ ça me faisait de l'allergie la poudre et tout et c'est là que j'ai rencontré  /$			1		
faisais pa sy a dix ans ah je pouvais $ pas hein y a dix ans j'aurais jamais pu  /$ $ tondre hein  /$			1		
$ ont trouvé un travail et tout  /$ $ pour qu'ils puissent aller travailler avec ah ouais oui oui  /$ et ben c'est c'est la région qui p- non mais quand même vous vous rendez compte			1		
$ ouais alors là la fête de la Loire  /$ j'ai pu y aller $ alors vous y êtes allée vous  /$			1		
une fois j'ai $ jamais pu parce que  /$ $ hm  /$			1		
