phrase	éventualité	permission	possibilité matérielle ou capacité	sporadicité	doute
$ d'accord /$ euh ensuite euh  bah les les  les supermarchés euh  hypermarchés euh  euh  qu'est-ce qui peut y avoir d'autre ?  c'est $ les les /$	1				
$ dépend les types de /$ soirées mais euh ça peut être euh  du plus euh  plus violent où c'est un  aller à des concerts et ensuite  euh enchaîner avec un restau  et ensuite enchaîner avec une soirée chez des gens pour ensuite  aller à un autre &appart  pour ensuite aller à un  en bord de Loire et finir dans une poubelle mais euh $ oh /$				1	
$ oh /$ non je rigole mais euh  mais euh ça peut être ça  comme ça peut être euh    des soirées euh vernissage  vernissage $ euh /$				1	
$ oh /$ non je rigole mais euh  mais euh ça peut être ça  comme ça peut être euh    des soirées euh vernissage  vernissage $ euh /$				1	
$ d'accord ouais /$ euh hm  puis voilà euh  ça peut être euh  cinoche  euh ça peut être euh  tu vas souvent au cinéma ? $ n'importe quoi /$				1	
$ d'accord ouais /$ euh hm  puis voilà euh  ça peut être euh  cinoche  euh ça peut être euh  tu vas souvent au cinéma ? $ n'importe quoi /$				1	
tous sur Orléans La Source  Orléans $ tu peux nous les énumérer enfin  /$ $ tu pourrais euh /$			1		
$ des initiations /$ des  c'est-à-dire euh  ben hm  on  on p-  comment appeler ça on dirige donc on  c'est un peu ça  ce sont des centres où  de centres généralement de loisirs  qui font appel à nous pendant les petites vacances euh  pendant la semaine  euh pour intervenir avec une équipe de  de jeunes donc ça peut être  très très jeunes  bien que les très très jeunes ne puissent pas avoir la force d'appuyer sur une bombe et d'avoir euh  et de s'amuser $ hm hm /$	1				
$ hm hm /$ donc on leur fait découvrir  c'est euh  c'est une découverte voilà  un moment découverte donc c'est une bonne chose  on peut découvrir à ce moment-là déjà des  pas des jeunes talents mais y en a  qui ont qui ont la voie donc on essaye de les pousser  après on fait ça avec des jeunes  euh  et ça se passe euh  bah eux déjà ils ont la force d'appuyer sur la bombe  euh i-  et puis bon c'est c'est un peu pareil que les petits parce que on ils ont jamais fait ça avant ou ils ont fait euh très peu sur des bouts de papier ou  ou un peu en vandal mais sinon euh  on arrive toujours à trouver des des  des jeunes qui y arrivent  après y a les euh  les &ado euh  véritables avec qui on travaille  euh on travaille euh  ça se passe très bien euh  c'est plus facile déjà  c'est plus facile $ mais euh /$				1	
$ euh vous restreignez pas à rester sur Orléans ou faire euh que des projets sur Orléans /$ non non non si  bah on n'a pas encore eu la possibilité par exemple d'aller euh sur Paris ou sur les autres grandes villes mais c'est vrai que la région Centre on  on peut se permettre quand même de  d'y aller quoi  Bourges on a fait Le Printemps de Bourges on a fait  euh pas mal d'initiations aussi à  Bourges et Vierzon euh hm euh Blois aussi  euh on est intervenus pas mal  on  on a découvert d'autres associations sur d'autres euh  d'autres euh  d'autres villes dans le Centre donc euh  et euh on  on risque de collaborer avec eux donc il y a  un engrenage qui se met en route au fur et à mesure euh  quand on est à droite à gauche  donc ça  c'est super important  plus on développe notre euh activité  plus on dévelope notre communication  plus on est connu et cetera et cetera et cetera $ et euh donc pour vous en créant cette association  /$			1		
$ ça a bien marché ? /$ ouais ça a marché  ma part ça a marché euh  mais euh je suis bien content donc euh si je dis que ça marche  ça veut dire que je peux en réaliser d'autres  donc euh ça peut me faire de l'argent $ et ça te plairait pas de vivre de ça  /$			1		
$ ça a bien marché ? /$ ouais ça a marché  ma part ça a marché euh  mais euh je suis bien content donc euh si je dis que ça marche  ça veut dire que je peux en réaliser d'autres  donc euh ça peut me faire de l'argent $ et ça te plairait pas de vivre de ça  /$	1				
$ d'accord  /$ $ euh en parlant de télé- euh on peut relier l'ordinateur  /$ $ est-ce que tu joues à des jeux vidéo ? /$			1		
$ voilà c'est bien /$ ce que je voulais dire je peux pas le nier euh  je vais pas inventer  en même temps ça fait de la pub en même temps euh tu es    au début surtout quand c'est apparu  tu restais des heures dessus euh  maintenant euh tu passes un peu moins de temps $ tu passes par exemple combien de temps euh  /$			1		
$ hm hm /$ le temps d'aller ta page  euh changer des trucs euh  apprécier euh voir les gens discuter avec eux euh  c'est pas très long hein  mais euh tu peux envoyer des messages donc ça c'est  c'est vraiment euh un  donc par jour $ très bon outil  /$			1		
$ au moins six ans de défilé /$ parce que j'étais euh louveteau  et scout de France  euh hm  ça m'a beaucoup ap- c'était bien  hein je vais pas le nier ça m'a beaucoup apporté  c'est vrai que ça paraît ridicule euh aux yeux des gens mais euh  ça m'a beaucoup aidé euh  en d-  dans ma recherche de moi-même quand j'étais &ado  et gamin  donc euh ça je peux pas  je peux pas cracher dessus  et du coup bah voilà euh tu es scout euh et bah y a un côté religieux  qui est mais jumelé avec l- l'esprit le mouvement  et euh bah  ça ça joue avec la fête de Jeanne d'Arc  hm hm $ qu'a un côté aussi euh religieux /$			1		
$ au moins six ans de défilé /$ parce que j'étais euh louveteau  et scout de France  euh hm  ça m'a beaucoup ap- c'était bien  hein je vais pas le nier ça m'a beaucoup apporté  c'est vrai que ça paraît ridicule euh aux yeux des gens mais euh  ça m'a beaucoup aidé euh  en d-  dans ma recherche de moi-même quand j'étais &ado  et gamin  donc euh ça je peux pas  je peux pas cracher dessus  et du coup bah voilà euh tu es scout euh et bah y a un côté religieux  qui est mais jumelé avec l- l'esprit le mouvement  et euh bah  ça ça joue avec la fête de Jeanne d'Arc  hm hm $ qu'a un côté aussi euh religieux /$			1		
$ non /$ c'est pas  pas trop euh mais on peut se balader histoire de d-  histoire de voir quoi  hm hm $ histoire de voir euh /$			1		
$ histoire de voir euh /$ goûter les les les produits euh  voilà ça peut être intéressant euh  mais euh si je pouvais m'en passer je le je le ferais $ d'accord  /$	1				
$ c'est plutôt qui qui cuisine chez toi ? /$ bah euh  sachant que j'habite encore chez papa et maman le fait de  cuisiner euh quand je suis tout seul c'est moi  avec mon petit frère c'est moi  mais quand y a quelqu'un euh  les parents on peut pas les gêner on les dérange plus qu'autre chose quand on est la cuisine  donc ils  on les laisse faire  on peut demander ne-  euh de les aider mais  ça marche pas beaucoup $ OK  /$		1			
$ c'est plutôt qui qui cuisine chez toi ? /$ bah euh  sachant que j'habite encore chez papa et maman le fait de  cuisiner euh quand je suis tout seul c'est moi  avec mon petit frère c'est moi  mais quand y a quelqu'un euh  les parents on peut pas les gêner on les dérange plus qu'autre chose quand on est la cuisine  donc ils  on les laisse faire  on peut demander ne-  euh de les aider mais  ça marche pas beaucoup $ OK  /$		1			
$ ouais c'est vrai qu'ils ont enfin ouais c'est vrai /$ tu as connu avant est-ce que  c'est vrai que  par ouais c'est vrai  l'aménagement est beaucoup plus  c'est beaucoup plus propre c'est beaucoup plus euh sympa euh  visuellement  on se sent  ouais on se sent  on peut se sentir bien avec euh les nouvelles structures euh  amén- avec les nouvels aménagements c'est clair  la rue de Bourgogne elle est  elle est agréable euh  le tram euh j'attends de voir ce que ça va donner mais euh  déjà on voit  rue Jeanne d'Arc c'est c'est propre  hm hm $ euh /$	1				
$ j'aime bien cette /$ ville-là je peux pas le nier euh $ donc si tu aimes cette ville-là est-ce que euh  /$			1		
$ euh j- /$ enfin que euh  baragouine  l'espagnol  je hm  peux gérer une discussion en anglais $ OK /$			1		
$ ouais /$ bah ouais euh  les gens qui travaillent à Paris ils peuvent habiter à Orléans en faisan des aller retour déjà  donc c'est moins cher  d'habiter sur Orléans que sur Paris donc c'est cool  euh hm  ensuite  bah ouais c'est à une heure et demie d'Orléans euh  besoin de sortir euh on  motivés de passer un week-end de folie euh  tu vas à Paris euh  puis euh  c'est une valeur sûre Paris quoi  pour sortir  euh ensuite  euh  puis ouais ça ça y a  c'est c'est c'est non c'est vraiment bien  d'accord $ c'est euh /$			1		
$ hm hm /$ donc euh  pour ma part après je peux me tromper  je pense qu'y a un mais j- $ déjà ouais /$	1				
$ oui en effet /$ ou  en effet euh j'ai une petite amie depuis euh deux ans et  ça se passe bien et on espère pouvoir s'installer ensemble euh  plus tard $ OK et qu'est-ce qu'elle fait dans la vie ? /$		1			
$ pour avoir des enfants ou est-ce que toi déjà est-ce que tu tu désires euh des enfants est-ce que tu en tu en veux ? /$ on en n'a pas parlé euh véritablement  euh c'est encore euh  je pense pas parce qu'on a beaucoup de choses à réaliser euh  d'abord  et euh on pense je pense pas pouvoir leur offrir quelque chose de convenable euh  dès maintenant donc euh  je pense que on  on en reparlera plus tard $ d'accord et sinon pour euh donc  /$			1		
$ ouais mais si je /$ pouvais ne pas avoir de voisins ça m'arrangerait encore plus $ d'accord  /$			1		
$ ouais je fais du shopping /$ fais est-ce que tu vas en discothèque euh  euh j'y allais quand j'étais plus jeune  quand on pouvait y aller euh quand on pouvait fumer à l'intérieur  ouais $ euh quand /$		1			
$ ouais je fais du shopping /$ fais est-ce que tu vas en discothèque euh  euh j'y allais quand j'étais plus jeune  quand on pouvait y aller euh quand on pouvait fumer à l'intérieur  ouais $ euh quand /$		1			
$ tu peux nous les énumérer enfin  /$ $ tu pourrais euh /$ euh donc euh les Gundams c'est Benjamin Francklin  Orléans centre			1		
$ hm hm /$ on appelle ça un jam ou un battle enfin bref  et euh appeler des jurys  donc euh des stars dans le monde du du graff-  déjà en France  et euh les payer pour qu'ils euh  fassent leur boulot et euh qu'on donne un  un prix euh au meilleur grapheur  money price  et on prend cinq mille euros ça pourrait être pas mal $ hm hm /$	1				
$ euh au départ /$ principal euh  euh c'était de gagner des  des glingues euh des bombes d'aérosols gratuits  euh après et avoir des murs surtout des murs  et en fin de compte euh  le truc c'est que y a beaucoup de gens qui nous ont  qui sont rentrés dans l'&asso  euh ça a changé euh les objectifs  on s'est rendu compte qu'on pouvait avoir des bombes en effet gratuitement  très facilement  d'ailleurs on en a trop chez nous maintenant  c'est un peu abusé  donc faut qu'on peigne plus pour euh nous entraîner  mais euh on commence à avoir de la n- notoriété et  et euh ça change euh l'état d'esprit des gens  le  le but de l'&asso qui était de  un but non lucratif euh à économiser des sous  donc ça c'est une c'est une idée  maintenant y a des gens dans l'&asso qui voudraient euh faire euh gagner de la  l'argent qu'ils se mettent dans leurs poches donc on essaie de trouver des solutions euh  et euh voilà $ et euh après dans tes loisirs euh  /$			1		
$ euh  /$ $ est-ce que tu pourrais me me raconter euh brièvement euh ce que tu as fait le week-end dernier ? /$ le week-end dernier  qu'est-ce que j'ai fait ah bah oui  par exemple euh  bah y avait euh une entreprise qui s'appelle les Réseaux Ferroviaires de France sur Orléans  qui  travaillent avec la SNCF  qui euh  dans leur bâtiment en face  ils ont le pont du tram  au niveau de l'avenue de Paris  direction Fleury et tout  et euh ce mur était euh  bah rempli de tags euh  les vandals étaient passés et du coup il était pas très propre  et ça leur gâchait un peu la vue donc ils étaient un peu dégoutés  et euh ils ont  ils nous ont proposé donc à mon &asso de  réaliser euh un  euh une fresque sur ce fameux pont  euh nous on a tout de suite dit oui parce que euh  c'était un bon moyen de faire de la pub  en effet ça a pas loupé euh  on a réalisé euh sur trois jours euh donc le vendredi samedi dimanche euh  cette fresque  euh très bien placée  les z- les la Rép-  est passée  France Trois est passé on a réussi à passer à la télé du coup euh  euh les retours ont été positifs euh  c'était euh  une bonne activité c'était euh  efficace  m- mon équipe a très bien travaillé  euh donc je suis je suis bien satisfait du projet			1		
$ histoire de voir euh /$ goûter les les les produits euh  voilà ça peut être intéressant euh  mais euh si je pouvais m'en passer je le je le ferais $ d'accord  /$		1			
$ est-ce que non au contraire tu trouves que c'est pas utile euh  /$ $ que que qu'est-ce que tu pourrais m'en dire ? /$ c'est utile  s'ils le font qu'ils dépensent des  tonnes euh et des millions d'euros euh là-dedans c'est que c'est super utile et hyper pratique pour euh le futur euh  moins dépenser de carburant et utiliser plus euh quelque chose de  pas naturel mais euh  moins polluant quoi c'est  utiliser le pratique euh à l'inconvénient euh  bah c'est bien  je pense que c'est c'est efficace  ça commence à se transformer  et puis c'est normal d'évoluer quoi  et de trouver les les trucs pratiques  OK		1			
$ les gars /$ pour les jeunes tu veux dire ?  ouais pour les jeunes  parce que euh ils  par exemple donc euh ça veut dire qu'ils s'ennuient  y a quelque chose à faire quoi donc  c'est vrai que si y a un terrain de football ou euh  un terrain de basket un  un truc à côté où ils puissent se lâcher  euh  ça éviterait euh qu'ils fassent euh  n'importe quoi dans le quartier $ ouais donc parce qu'ils sortent mais euh ils sortent  /$		1			
$ proposent sur Orléans ? /$ ouais  j'ai tout ce que je veux  après faudrait que ça soit comme Paris on puisse en retrouver la nuit quoi $ la nuit  /$			1		
$ des initiations /$ des  c'est-à-dire euh  ben hm  on  on p-  comment appeler ça on dirige donc on  c'est un peu ça  ce sont des centres où  de centres généralement de loisirs  qui font appel à nous pendant les petites vacances euh  pendant la semaine  euh pour intervenir avec une équipe de  de jeunes donc ça peut être  très très jeunes  bien que les très très jeunes ne puissent pas avoir la force d'appuyer sur une bombe et d'avoir euh  et de s'amuser $ hm hm /$			1		
