phrase	éventualité	permission	possibilité matérielle ou capacité	sporadicité	doute
on sort pas assez et  plus d'importance que ça aurait pour nous car on aimerait beaucoup mieux sortir plus souvent  $ les soirs vous sortez ?  /$ on peut pas tout avoir  le soir pas question vous savez  je suis jamais au lit avant dix heures et demie  $ oui  /$ s'il fallait que je sorte encore après hein pour se lever à trois heures du matin c'est pas possible  $ le samedi alors le samedi dimanche est-ce que vous pourriez me  /$	1				
$ donc le samedi soir euh  /$ $ il y a toujours quelque compte à faire le soir en fin de soirée que je peux pas faire dans la journée parce qu'  on a beaucoup trop de monde au magasin j'y j'y suis toute la journée la plupart du temps  /$ $ et puis le dimanche ben le dimanche je fais des comptes en général tous les dimanches matins  /$			1		
non parce que je prévois des transformations assez importantes dans un  multiplie la surface du magasin par quatre  $ oui  /$ j'espère que ce sera ces vacances ça fait trois ans que j'attends alors j'espère pouvoir le faire cette année  tout dépend d'une euh enfin d'un achat d'un immeuble dans la rue de Patay pour pouvoir faire deux sorties  puis alors si je peux et si j'ai les crédits nécessaires je la fais cette année  si j'ai cette sortie parce que je l'ai pas encore  sinon ben ça je sais pas comme je le saurai au dernier moment  alors ça sera  suivant le temps qu'on pourra partir suivant l'époque je sais pas du tout ce qu'on fera  $ hm hm  /$ de toute façon si on a la possibilité on part au moins quinze jours trois semaines  on ferme un mois tous les ans  $ et dans ce cas-là qu'est-ce que vous allez faire ? qu'est-ce que vous feriez ?  /$			1		
de toute façon si on a la possibilité on part au moins quinze jours trois semaines  on ferme un mois tous les ans  $ et dans ce cas-là qu'est-ce que vous allez faire ? qu'est-ce que vous feriez ?  /$ je sais pas si on a les enfants on partira pas loin  enfin cinq six cents kilomètres au bord de la mer  ou on restera là si on a pas les enfants on ira certainement  je pense enfin je me suis pas encore décidé mais certainement au Maroc  c'est prévu mais enfin on peut le faire que si on n'est que tous les deux  $ hm hm  /$ $ et si vous aviez un peu moins de travail et que vous ayez deux heures libres supplémentaires par jour qu'est-ce que vous feriez ?  /$	1				
je crois que maintenant dans n'importe quel métier le Certificat d'Etudes est insuffisant  je pense que le niveau de troisième ce serait un  $ un minimum  /$ minimum  pour certains enfants il y a des enfants qui n'y arriveront jamais  c'est pas la peine de pousser maintenant il y en a d'autres qui mériteraient d'être poussés et qui ne peuvent pas financièrement  $ vous pensez quand même que enfin qu'il serait bon que tout le monde arrive jusqu'au niveau de la troisième ?  /$ non je ne pense pas  $ non ?  /$			1		
si ça existe toujours ?  $ je crois  /$ par contre il y en a d'autres qui pourraient et puis qui peuvent pas qui peuvent pas y arriver parce que les parents ne peuvent pas les pousser aux études  maintenant je sais pas il y a il y a certainement une euh  des professeurs qui devraient peut-être plus je sais bien qu'il y a de plus en plus d'élèves dans la classe  chaque cas particulier c'est très difficile  $ évidemment mais en dehors des questions euh financières et caetera  /$ $ vous pensez quand même qu'il serait bon qu'un enfant aille davantage à l'école qu'avant ? vous verriez quoi comme  /$		1			
si ça existe toujours ?  $ je crois  /$ par contre il y en a d'autres qui pourraient et puis qui peuvent pas qui peuvent pas y arriver parce que les parents ne peuvent pas les pousser aux études  maintenant je sais pas il y a il y a certainement une euh  des professeurs qui devraient peut-être plus je sais bien qu'il y a de plus en plus d'élèves dans la classe  chaque cas particulier c'est très difficile  $ évidemment mais en dehors des questions euh financières et caetera  /$ $ vous pensez quand même qu'il serait bon qu'un enfant aille davantage à l'école qu'avant ? vous verriez quoi comme  /$		1			
si ça existe toujours ?  $ je crois  /$ par contre il y en a d'autres qui pourraient et puis qui peuvent pas qui peuvent pas y arriver parce que les parents ne peuvent pas les pousser aux études  maintenant je sais pas il y a il y a certainement une euh  des professeurs qui devraient peut-être plus je sais bien qu'il y a de plus en plus d'élèves dans la classe  chaque cas particulier c'est très difficile  $ évidemment mais en dehors des questions euh financières et caetera  /$ $ vous pensez quand même qu'il serait bon qu'un enfant aille davantage à l'école qu'avant ? vous verriez quoi comme  /$		1			
$ en discutant ?  /$ c'est pas en le voyant deux ou trois fois qu'on peut se rendre compte qu'on peut se faire une opinion  mais à discuter quand euh  ça arrive à se sentir on arrive à sentir les fonctionnaires ou les ou le ah comment dirais-je ou l'enseignant surtout l'enseignant  $ ah oui  /$ $ vous avez des détails en tête qui permettent enfin qui permettent de saisir ça ?  /$	1				
$ en discutant ?  /$ c'est pas en le voyant deux ou trois fois qu'on peut se rendre compte qu'on peut se faire une opinion  mais à discuter quand euh  ça arrive à se sentir on arrive à sentir les fonctionnaires ou les ou le ah comment dirais-je ou l'enseignant surtout l'enseignant  $ ah oui  /$ $ vous avez des détails en tête qui permettent enfin qui permettent de saisir ça ?  /$	1				
non absolument pas alors là je pense pas  mais ils sont encore beaucoup plus distants alors là eux  $ beaucoup plus distants  /$ oui surtout quand on ne connaît pas quand on les connaît très bien il y en a qui sont très sympathiques  je connais des gens euh  de la noblesse même de la haute noblesse dans le quartier on a quand même un quartier assez  quand on les connaît bien ils sont très gentils  mais je trouve qu'on  voit on voit trop qu'il y a une différence entre entre eux et nous même nous c'est pas pareil  surtout quand on les entend parler entre eux  je trouve qu'il y a des choses qu'ils  feraient mieux de pas dire ou alors de parler qu'en petits comités quoi pas devant des gens qui ne peuvent  se permettre souvent ce qu'ils peuvent  $ et et enfin vous trouvez qu'ils sont encore plus distants que la bourgeoisie ?  /$ oh oui  $ oui  /$					
non absolument pas alors là je pense pas  mais ils sont encore beaucoup plus distants alors là eux  $ beaucoup plus distants  /$ oui surtout quand on ne connaît pas quand on les connaît très bien il y en a qui sont très sympathiques  je connais des gens euh  de la noblesse même de la haute noblesse dans le quartier on a quand même un quartier assez  quand on les connaît bien ils sont très gentils  mais je trouve qu'on  voit on voit trop qu'il y a une différence entre entre eux et nous même nous c'est pas pareil  surtout quand on les entend parler entre eux  je trouve qu'il y a des choses qu'ils  feraient mieux de pas dire ou alors de parler qu'en petits comités quoi pas devant des gens qui ne peuvent  se permettre souvent ce qu'ils peuvent  $ et et enfin vous trouvez qu'ils sont encore plus distants que la bourgeoisie ?  /$ oh oui  $ oui  /$			1		
oh si si si il y en a encore  $ ah oui  /$ oh oui  enfin je vous dis dans l'ens- si on les connaît bien ce sont des gens qui si on les connaît très bien  qui sont assez sympathiques avec qui on peut causer librement  maintenant vous savez la clientèle enfin surtout notre clientèle  la vieille clientèle euh je l'ai connue tout gamin alors c'est pas pareil on est déjà beaucoup plus libre  c'est pas la même chose  $ oh oui bien sûr oui  /$ $ bon je crois que  /$		1			
il y a très longtemps  $ il y a très longtemps ?  /$ oh oui oui  $ ça peut faire combien ?  /$ au moins deux ans sûr  $ ça fait deux ans alors  /$			1		
$ ou bien des livres sur les difficultés de la langue française la façon de bien prononcer des choses comme ça  /$ non j'ai pas ça non  $ qu'est-ce que vous pensez par exemple des des livres du type livre de politesse est-ce que vous croyez que ça peut être utile ou bien  /$ certainement oui  $ oui  /$	1				
c'est l'habitude c'est mon père qui les faisait toujours aussi  $ oui  /$ c'est moi c'est moi qu'il a mis au courant alors donc  et puis on peut pas être deux à le faire de toute façon on peut pas être deux à faire une comptabilité faut que ce soit tout seul  $ oui bien sûr  /$ $ tout à l'heure on parlait de de l'écriture est-ce que d'après vous euh lequel a la plus belle écriture de vous ou de votre femme ?  /$		1			
c'est l'habitude c'est mon père qui les faisait toujours aussi  $ oui  /$ c'est moi c'est moi qu'il a mis au courant alors donc  et puis on peut pas être deux à le faire de toute façon on peut pas être deux à faire une comptabilité faut que ce soit tout seul  $ oui bien sûr  /$ $ tout à l'heure on parlait de de l'écriture est-ce que d'après vous euh lequel a la plus belle écriture de vous ou de votre femme ?  /$		1			
$ et qu'est-ce que vous pensez enfin il y a de plus en plus il y a des femmes mariées qui travaillent que vous qu'est-ce que vous en pensez personnellement ?  /$ bien ça dépend des métiers  personnellement dans mon métier euh  je pense y arriver mais enfin j'espère bien que d'ici deux ou trois ans ma femme ne pourra n'aura pas besoin de travailler  ou tout au moins beaucoup moins parce que nous avons quand même des heures un peu spéciales on fait douze ou treize heures par jour  enfin la femme toujours ici fait douze à treize heures par jour et  c'est c'est beaucoup trop  et je pense que  enfin si tous mes projets se réalisent que d'ici deux ans je devrais être équipé convenablement et que ma femme ne travaille pas  $ qu'est-ce que vous pensez enfin vous personnellement vous pensez enfin qu'il serait mieux qu'une femme ne ne travaille pas  /$ ah non absolument pas  $ une femme mariée ne travaille pas  /$	1				
ah non absolument pas  $ une femme mariée ne travaille pas  /$ ah non absolument pas mais avoir un travail normal des heures normales euh je parle pas de  je parle pas du genre de travail travailler dans un bureau ou ailleurs mais  huit heures par jour c'est je trouve c'est largement suffisant pour une femme surtout quand elle a  vous savez on est equipé ici enfin il s'agit de la maison ni de l'appartement ni des enfants mais enfin  ça serait certainement plus agréable pour elle si elle pouvait s'occuper elle-même de ses enfants c'est sûr  $ hm hm  /$ $ et euh oui alors vous commencez vers quelle heure par exemple le matin ?  /$		1			
non parce que je prévois des transformations assez importantes dans un  multiplie la surface du magasin par quatre  $ oui  /$ j'espère que ce sera ces vacances ça fait trois ans que j'attends alors j'espère pouvoir le faire cette année  tout dépend d'une euh enfin d'un achat d'un immeuble dans la rue de Patay pour pouvoir faire deux sorties  puis alors si je peux et si j'ai les crédits nécessaires je la fais cette année  si j'ai cette sortie parce que je l'ai pas encore  sinon ben ça je sais pas comme je le saurai au dernier moment  alors ça sera  suivant le temps qu'on pourra partir suivant l'époque je sais pas du tout ce qu'on fera  $ hm hm  /$ de toute façon si on a la possibilité on part au moins quinze jours trois semaines  on ferme un mois tous les ans  $ et dans ce cas-là qu'est-ce que vous allez faire ? qu'est-ce que vous feriez ?  /$	1				
non parce que je prévois des transformations assez importantes dans un  multiplie la surface du magasin par quatre  $ oui  /$ j'espère que ce sera ces vacances ça fait trois ans que j'attends alors j'espère pouvoir le faire cette année  tout dépend d'une euh enfin d'un achat d'un immeuble dans la rue de Patay pour pouvoir faire deux sorties  puis alors si je peux et si j'ai les crédits nécessaires je la fais cette année  si j'ai cette sortie parce que je l'ai pas encore  sinon ben ça je sais pas comme je le saurai au dernier moment  alors ça sera  suivant le temps qu'on pourra partir suivant l'époque je sais pas du tout ce qu'on fera  $ hm hm  /$ de toute façon si on a la possibilité on part au moins quinze jours trois semaines  on ferme un mois tous les ans  $ et dans ce cas-là qu'est-ce que vous allez faire ? qu'est-ce que vous feriez ?  /$	1				
j'aimerais beaucoup lire  c'est ça qui me manque beaucoup  $ ah oui  /$ beaucoup lire et puis pouvoir regarder un peu la télé de temps en temps ça ferait plaisir  $ ouais  /$ on la regarde on lit un petit peu mais enfin pas assez  ma femme aime beaucoup lire aussi on n'a pas assez de temps  $ vous avez des enfants je crois non ?  /$			1		
oh très certainement oui c'est c'est le départ de la vie hein  plus que jamais il y a quelques années on n'avait pas besoin d'études pour faire  même pour faire le métier que je fais j'avais pas besoin  il y a dix ans il y avait pas besoin d'un niveau de seconde  et puis maintenant j'aurais un niveau des deux bacs ce serait certainement utile pour beaucoup de choses  $ ah bon ?  /$ oh oui  $ oh oui par exemple ? enfin vous pourriez expliquer un peu ?  /$ bien pour euh des tas de papiers euh  pour la comptabilité surtout  $ hm hm  /$		1			
si ça existe toujours ?  $ je crois  /$ par contre il y en a d'autres qui pourraient et puis qui peuvent pas qui peuvent pas y arriver parce que les parents ne peuvent pas les pousser aux études  maintenant je sais pas il y a il y a certainement une euh  des professeurs qui devraient peut-être plus je sais bien qu'il y a de plus en plus d'élèves dans la classe  chaque cas particulier c'est très difficile  $ évidemment mais en dehors des questions euh financières et caetera  /$ $ vous pensez quand même qu'il serait bon qu'un enfant aille davantage à l'école qu'avant ? vous verriez quoi comme  /$	1				
$ on s'occupe assez d'eux enfin est-ce que  /$ ben je crois que d'abord qu'Orléans est beaucoup trop près de Paris  pour pouvoir retenir les gens comme il faut il leur faudrait beaucoup hein pour les retenir  et avec l'aérotrain bientôt ça sera encore pire  je crois que pour un jeune par exemple  $ hm hm  /$ je crois que pour un jeune par exemple euh  si on veut sortir le soir s'amuser un peu il y a pas grand-chose  à part l'éternelle pizza et  $ hm  /$	1				
$ euh oui on a beaucoup parlé des événements de mai juin  /$ $ euh les Anglais étaient évidemment pas là en France à ce moment-là est-ce que vous pourriez décrire enfin pour  les Anglais qui vont écouter les bandes ce qui s'est passé en France à ce moment-là ?  /$ difficile ce que vous me demandez là  $ hein ? est-ce que vous pourriez décrire enfin ce qui s'est passé en France quoi ?  /$		1			
$ euh les Anglais étaient évidemment pas là en France à ce moment-là est-ce que vous pourriez décrire enfin pour  les Anglais qui vont écouter les bandes ce qui s'est passé en France à ce moment-là ?  /$ difficile ce que vous me demandez là  $ hein ? est-ce que vous pourriez décrire enfin ce qui s'est passé en France quoi ?  /$ $ parce que vous savez que les bandes vont partir après en Angleterre qu'elles seront écoutées par les étudiants euh  /$		1			
c'est une opinion enfin pas tellement personnelle  je pense que  si c'est les étudiants qui ont fait déclencher les évén- les événements de mai  euh ils n'étaient pas tout seuls je crois pas  ils ont été poussés par des forces extérieures qui ? je n'en sais absolument rien je crois qu'il y a un apport facile où si y en a qui le savent on est pas tellement au courant  le problème des étudiants personnellement je le connais pas très bien  je veux accuser personne ils ont certainement des revendications valables comme les nôtres  qui eux ne leur semblent pas valables c'est possible aussi  il y a eu des abus il y a eu de gros abus  je trouve que dans l'ensemble ils y ont été un peu fort  $ oui  /$ $ est-ce que vous pourriez raconter enfin euh  /$ $ les événements enfin qu'est-ce qui qu'est-ce qui s'est passé en mai juin en en France ?  /$		1			
$ les événements enfin qu'est-ce qui qu'est-ce qui s'est passé en mai juin en en France ?  /$ $ vous m'avez donné une explication enfin des des événements est-ce que vous pourriez décrire un peu ce qui s'est passé à ce moment-là ?  /$ y a y a d'abord il y a d'abord eu la la manifestation des étudiants à Paris  qui ont été suivis assez lentement si je me rappelle bien par les syndicats ouvriers  qui ont été amenés à à les suivre un petit peu plus tôt que prévu peut-être par les étudiants qui ont été les chercher en quelque sorte  je crois que  ils n'étaient pas tellement tellement d'accord  sinon ça aurait été beaucoup plus grave  c'est peut-être un bien c'est peut-être un mal j'en sais rien  si je m'en rappelle bien c'est  c'est après l'occupation de la Sorbonne  que toutes les grèves ont été déclenchées  il me semble  je sais pas très bien la chronologie exacte des faits hein  $ oui  /$		1			
oui je crois  $ oui  /$ $ vous pourriez euh  /$ euh je trouve que  il y a quand même euh  enfin Orléans c'est une ville bourgeoise  $ oui  /$		1			
euh je trouve que  il y a quand même euh  enfin Orléans c'est une ville bourgeoise  $ oui  /$ et même assez bourgeoise  il y a une trop grosse différence il y a une trop grosse  une différence entre la bourgeoisie  et les Orléanais qui sont pas comme eux parce que après tout on n'est pas moins  et je je crois que ils ne se mettent pas assez au rang de  des ouvriers euh que ce soit des ouvriers des commerçants ou les autres peu importe  c'est quand même pas à un ouvrier de se monter au niveau  bourgeois ce serait plutôt au bourgeois de se descendre à son niveau pour l'amener à ses opinions ou  et comment il pourrait faire ?  $ dans ses idées  /$ $ plutôt que  /$		1			
$ plutôt que  /$ qu'est-ce qu'il pourrait faire ?  je sais pas je trouve que les gens sont trop distants les gens sont distants en général  $ est-ce que est-ce que enfin vous avez un commerce là donc vous voyez un peu de gens de tous les milieux est-ce que vous pouvez reconnaître enfin quelque enfin le milieu de quelqu'un ?  /$ oh oui oh oui  $ oui  /$	1				
$ plutôt que  /$ qu'est-ce qu'il pourrait faire ?  je sais pas je trouve que les gens sont trop distants les gens sont distants en général  $ est-ce que est-ce que enfin vous avez un commerce là donc vous voyez un peu de gens de tous les milieux est-ce que vous pouvez reconnaître enfin quelque enfin le milieu de quelqu'un ?  /$ oh oui oh oui  $ oui  /$		1			
oh oui oh oui  $ oui  /$ très très bien  $ vous pourriez parler de cela un peu décrire la façon dont  /$ $ enfin quels sont les critères que vous  /$		1			
$ très très nettement  /$ pouvez  bien disons que  on cause beaucoup plus facilement à un ouvrier ou  qu'à une personne du corps enseignant par exemple  $ ah bon ?  /$ dans la c'est une généralité hein heureusement il y a des exceptions quand même  ça se reconnaît ça se reconnaît nettement un fonctionnaire par exemple euh  d'un ouvrier d'usine quelconque n'importe n'importe lequel  c'est pas la même chose c'est pas la même mentalité pas du tout  $ vous pouvez décrire un peu cette mentalité si  /$		1			
pouvez  bien disons que  on cause beaucoup plus facilement à un ouvrier ou  qu'à une personne du corps enseignant par exemple  $ ah bon ?  /$ dans la c'est une généralité hein heureusement il y a des exceptions quand même  ça se reconnaît ça se reconnaît nettement un fonctionnaire par exemple euh  d'un ouvrier d'usine quelconque n'importe n'importe lequel  c'est pas la même chose c'est pas la même mentalité pas du tout  $ vous pouvez décrire un peu cette mentalité si  /$ $ si vous avez encore des souvenirs enfin  /$		1			
$ vous avez des détails en tête qui permettent enfin qui permettent de saisir ça ?  /$ c'est en parlant avec les gens vous savez c'est difficilement explicable  $ enfin dans la bourgeoisie est-ce que est-ce qu'il est-ce que vous pouvez reconnaître un bourgeois de la grande bourgeoisie enfin  /$ $ est-ce que vous voyez des distinctions dans la bourgeoisie ?  /$		1			
$ on va passer à un autre type de question c'est très différent mais  /$ $ ça intéresse énormément les Anglais parce que pour pouvoir comparer qu'est-ce qui se passe en Angleterre  /$ ah bon  $ vous voulez une cigarette anglaise non ?  /$	1				
non j'aime mieux le tabac noir  $ j'ai que ça à vous offrir c'est vrai ?  /$ pardon  $ oui alors c'est pour pouvoir comparer ce qui se passe en Angleterre euh  /$ $ euh pour des questions de de langue et caetera est-ce que par exemple chez vous vous avez un dictionnaire euh  /$	1				
$ et parmi les gens que vous connaissez est-ce que  /$ $ vous pourriez dire enfin quelle est la personne qui parle le mieux le français ?  /$ comme profession vous voulez dire ?  $ oui oui  /$		1			
oui  il est professeur de lettres  et il parle euh  très très bien je trouve  $ oui oui  /$ $ et comment ça ? vous pourriez expliquer un peu ?  /$ je sais pas quand on cause avec quelqu'un on remarque euh  enfin moi je remarque assez facilement une une faute de français ou  lui je trouve pas je trouve que je parle assez souvent avec lui puisque c'est un copain de mon frère  je trouve qu'il parle bien il a  $ sans faute enfin ?  /$		1			
assez favorable disons  $ oui favorable  /$ oui  $ et après comment comment pourrait-on s'y prendre enfin pour  /$ $ pour les contrôler enfin ?  /$		1			
$ pour les contrôler enfin ?  /$ pour les contrôler  vous voulez parler uniquement  comment pourrait-on les obliger  $ des speakers de la radio ?  /$ $ enfin oui par exemple les speakers de la radio ?  /$		1			
je ne sais pas je trouve qu'on est à peu près  $ équivalents ?  /$ oui je trouve que c'est équivalent  $ maintenant vous écrivez assez peu est-ce que vous pourriez donner enfin un ordre d'idées euh dans l'année par exemple combien vous pouvez écrire de lettres ? d'abord pour pour le travail  /$ oh pour le travail euh  j'en fais deux ou trois la semaine à peu près  $ deux ou trois la semaine oui  /$		1			
je ne sais pas je trouve qu'on est à peu près  $ équivalents ?  /$ oui je trouve que c'est équivalent  $ maintenant vous écrivez assez peu est-ce que vous pourriez donner enfin un ordre d'idées euh dans l'année par exemple combien vous pouvez écrire de lettres ? d'abord pour pour le travail  /$ oh pour le travail euh  j'en fais deux ou trois la semaine à peu près  $ deux ou trois la semaine oui  /$			1		
oui voilà oui  $ c'est ça  /$ je les conserve jusqu'à ce que j'ai répondu une fois que c'est répondu c'est fini  $ est-ce que vous pouvez décrire la façon dont vous écrivez ? est-ce que le type de papier que vous prenez euh l'instrument que vous utilisez euh  /$ ah ben je prends du papier à lettre euh  normal  $ hm  /$		1			
$ alors qu'est-ce que vous faites ? une petite claque  /$ non ah non je suis pas tellement partisan si c'est vraiment un peu poussé euh  je sais pas moi je vais le punir de  de quelque chose dont il avait très envie ou  $ ah bon pour quel genre de mots par exemple ? vous pouvez me donner un exemple de toute façon ce sont des gosses il y a pas  /$ ah ben uniquement  uniquement des gros mots quoi des  $ oui par exemple ?  /$		1			
non  $ bon je vous remercie c'était intéressant pour voir au point de vue culture parce que la culture est différente en Angleterre et en France  /$ $ enfin la façon même de faire la cuisine et caetera est-ce que vous pourriez décrire comment chez vous on fait une omelette ?  /$ bon il faut quelques oeufs d'abord  $ bon expliquez de façon détaillée enfin  /$		1			
tout ça ça dépend de ce qu'elles veulent faire  $ hm  /$ je crois pas qu'il y ait une  je crois pas qu'il y ait d'obstacle à ce qu'une fille puisse pas aller à l'école plus qu'un garçon absolument pas  $ vous trouvez que c'est bon enfin maintenant il y a maintenant y a davantage de filles qui vont qui poursuivent des études aussi longtemps que les garçons est-ce que vous trouvez que c'est une bonne chose ?  /$ oui  $ pour revenir à la ville d'Orléans est-ce que d'après vous on fait suffisamment pour les habitants d'Orléans ?  /$			1		
$ et euh est-ce que vous pensez que qu'est-ce qui vous semble les points faibles enfin dans l'organisation de la ville et  caetera ? est-ce que vous voyez des choses qui vous paraissent  /$ je pense qu'au lieu d'avoir euh  fait le Parc des Expositions par exemple ils auraient pu faire beaucoup plus pour les  au point de vue sportif pour les jeunes par exemple  maintenant au point de vue  point de vue loisirs c'est pas tellement tellement à la ville de  je crois que c'est trop près de Paris je crois que c'est le gros  le gros handicap  $ oui  /$ $ et euh  /$	1				
