phrase	éventualité	permission	possibilité matérielle ou capacité	sporadicité	doute
$ exactement voilà  /$ la Loire de l'autre côté  ouais ouais y a un petit chemin euh  on peut y aller à pieds là oui $ oh oui oui  /$			1		
$ hm hm  /$ Ingénieurs Techniciens Administratifs  donc moi j'étais un peu dans le dans le  le haut de la pyramide d- des ITA mais enfin bon j'étais quand même euh ingénieur  et donc le enfin ça se passait à Paris tout ça euh  ils voyaient ça d'un très mauvais oeil que les les ingénieurs fassent des thèses  à l'époque  donc euh j'ai été reclassé dans un autre laboratoire où j'ai fait tout à fait autre chose  mais enfin bon c'était  enfin j'avais essayé d'aller euh  y avait un laboratoire euh  euh qui m'aurait mieux convenu disons que c'était le Centre de Biophysique Moléculaire le CBM  mais en fait  mon  enfin le mon collègue le technicien qui était euh avec moi dans le  dans ce laboratoire  euh  avait été lui-même placé là    et donc le  le directeur enfin le chef du personnel à Paris euh  trouvait que il pouvait pas euh mettre deux personnes  donc moi j'étais dans un laboratoire euh  tout à fait autre chose j'ai fait de la  ça s'appelait chimie des hautes températures  combustions et hautes températures  donc je me suis reconverti donc j'ai fait autre chose enfin j'ai fait  essentiellement des mesures on peut dire que euh  sur toute ma carrière hein là j'ai fait des  j'ai fait des des mesures quoi  hm hm hm $ de l'analyse et des mesures euh  /$		1			
$ hm hm  /$ et en fait lui-même avait mis au point une méthode optique  qui permettait de euh  euh  enfin avec des des systèmes de de spectres    qui permettait de euh d'identifier certains pigments  parce que on mais enfin il a il avait fait un  euh  on peut appeler ça une chromotec $ hm hm  /$		1			
$ hm hm  /$ c'est euh ce qu'il y a en fait c'est que si on va pas au Aulnaies en fait  euh parce qu'on peut aller à pied le prendre à la Bolière $ oui  /$			1		
non dans l'ensemble c'est  bon $ ça peut être aussi des fois le le centre ville parce que  /$ on habitait Orléans enfin bon c'était faubourg Bourgogne  ouais	1				
$ hm hm  /$ donc ça peut arriver qu'on fasse des fois des courses bon on sait que  y a un boucher qui est très bien là-bas NPERS  oui $ je sais pas si vous connaissez  /$	1				
oh j'y vais un petit peu moins maintenant $ euh est-ce qu'on peut maintenant parler un petit peu de de de vos loisirs en fait  /$ $ ouais bien sûr  /$		1			
$ ah bah le sport ouais  /$ vous avez  bah le sport euh bah à l'époque je faisais du vélo maintenant bon ça m'a calmé un peu je  bah j'en j'en refais un petit peu mais bon beaucoup moins  la marche  ça je peux faire de la marche bon la course non je peux plus euh je faisais du jogging à l'époque c'est terminé  euh  je continue à faire du yoga ça j'en fais depuis très longtemps du yoga depuis euh    pas quarante ans mais euh au moins trente-cinq trente-six ans  et  voilà au niveau sport euh  hm hm oui $ je crois que c'est à peu près tout  /$			1		
$ ah bah le sport ouais  /$ vous avez  bah le sport euh bah à l'époque je faisais du vélo maintenant bon ça m'a calmé un peu je  bah j'en j'en refais un petit peu mais bon beaucoup moins  la marche  ça je peux faire de la marche bon la course non je peux plus euh je faisais du jogging à l'époque c'est terminé  euh  je continue à faire du yoga ça j'en fais depuis très longtemps du yoga depuis euh    pas quarante ans mais euh au moins trente-cinq trente-six ans  et  voilà au niveau sport euh  hm hm oui $ je crois que c'est à peu près tout  /$			1		
$ natation je fais beaucoup de enfin beaucoup  /$ et vous trouvez que natation  j'essaye d'aller au moins deux fois par semaine quand je peux  à la piscine  euh voilà  hm $ bah sinon les loisirs  /$			1		
$ mais euh  /$ oui ponctuellement ils peuvent programmer des films  hm  hm hm hm $ mais c'est s-  /$				1	
$ hein à l'époque ouais  /$ ah ben moi je connais bien enfin celui qui a fait mon  mon mon éducation si on peut dire euh  &cinéphilique c'est un gars que vous connaissez peut-être de nom qui s'appelle Bernard NPERS $ oui oui qui  /$		1			
$ oui oui qui  /$ qui vient de fêter s- qui a fêté y a pas longtemps ses quatre-vingt ans  on ne peut que le connaitre si on aime un peu le cinéma à à Orléans oui  /$ et donc qui qui dirige la PAC					
$ hm hm  /$ mais j'ai une bonne oreille donc je sais reproduire  et donc il m'a dit mais c'est rien on va te faire passer un audition mais tu fais ce que tu peux et puis voilà b-  j'ai pas eu de problème ils m'ont pris  donc je suis resté bon je suis resté avec Tony donc qui était très très sympa    et après alors lui il a il a fini sa carrière en fait il a été à la maîtrise de Radio France $ ah  /$			1		
$ sciences naturelles  /$ et donc j'ai pas fait de euh j'ai pas fait d'autre langue  j'ai fait que le que l'anglais  alors j'ai essayé de me mettre quand mes enfants ont fait euh  j'ai essayé parce que j'ai pas fait de latin non plus  euh bon j'ai essayé de de me mettre un peu au latin à l'espagnol  mais bon c'est vrai que euh    je je baragouine quand je vais dans un pays j'aime bien baragouiner euh  la langue du pays donc euh en italien je  j- j'arrive à avoir un bon accent quoi dans toutes les langues  mais euh bon on peut pas dire que je les parle quoi $ hm hm  /$		1			
$ quelle est votre propre recette ?  /$ alors euh c'est assez rare qu'on fasse une omelette euh simple  euh ce qu'on fait généralement  euh souvent avec des restes euh quand y a des restes de pommes de terre par exemple  ou de ratatouille ça peut aussi arriver avec la ratatouille  parce que ça j'aime beaucoup la ratatouille  et euh      quand y a un reste de pomme de terre  euh bon je les épluche si elles sont pas épluchées q- cuite hein je veux dire $ hm  /$				1	
$ l'e- l'exode des pieds-noirs en soixante-deux  /$ donc juste au moment de l'indépendance euh de l'Algérie on  on a quitté l'Algérie et puis on  on a été rapatrié enfin bon je sais pas si  vous voulez que je vous raconte je peux vous raconter hein  ah non mais d- c'est vous    comme vous voulez  oui $ c'est pas  /$		1			
$ hm hm hm  /$ et donc moi quand j'ai fait ma demande euh  je sais plus quelle année c'était enfin    le l'administrateur est venu me voir et il m'a dit euh bah en fait euh  euh vous avez demandé un deux pièces euh  euh en fait vous y avez droit y a pas de problème  mais euh y avait quelqu'un qui était marié qui avait un enfant en bas âge et  bon il m'a dit ça serait bien si vous pouviez leur céder le pla- $ finalement j'ai cédé la place don du coup j'ai pas habité euh  /$		1			
$ et donc c'est là qu'on a on a acheté une maison  /$ et donc voilà on a  un fils qui est né après quelques années plus tard  et puis ensuite euh bon bah la  la maison commençait on pouvait pas agrandir malheureusement la maison $ en fait là-bas c'était un système une très grande maison séparée en deux  /$			1		
$ hm hm hm  /$ donc euh  bah j'ai vu si quelqu'un pouvait éventuellement reprendre la direction de thèse mais    et en plus bon au CNRS c'était parce que j'ai été recruté comme ingénieur de recherche $ hm hm  /$		1			
$ hm hm  /$ Ingénieurs Techniciens Administratifs  donc moi j'étais un peu dans le dans le  le haut de la pyramide d- des ITA mais enfin bon j'étais quand même euh ingénieur  et donc le enfin ça se passait à Paris tout ça euh  ils voyaient ça d'un très mauvais oeil que les les ingénieurs fassent des thèses  à l'époque  donc euh j'ai été reclassé dans un autre laboratoire où j'ai fait tout à fait autre chose  mais enfin bon c'était  enfin j'avais essayé d'aller euh  y avait un laboratoire euh  euh qui m'aurait mieux convenu disons que c'était le Centre de Biophysique Moléculaire le CBM  mais en fait  mon  enfin le mon collègue le technicien qui était euh avec moi dans le  dans ce laboratoire  euh  avait été lui-même placé là    et donc le  le directeur enfin le chef du personnel à Paris euh  trouvait que il pouvait pas euh mettre deux personnes  donc moi j'étais dans un laboratoire euh  tout à fait autre chose j'ai fait de la  ça s'appelait chimie des hautes températures  combustions et hautes températures  donc je me suis reconverti donc j'ai fait autre chose enfin j'ai fait  essentiellement des mesures on peut dire que euh  sur toute ma carrière hein là j'ai fait des  j'ai fait des des mesures quoi  hm hm hm $ de l'analyse et des mesures euh  /$		1			
$ de spectres qu'il avait accumulé  /$ et donc comme ça il pouvait penser que ça pouvait être tel et tel pigment  mais  euh  dans le cas ou il s'agissait de pigments euh  à base métallique  sa méthode ne marchait pas  hm hm $ parce que euh les spectres ne correspondaient pas à à ces longueurs d'ondes là  /$					
$ de spectres qu'il avait accumulé  /$ et donc comme ça il pouvait penser que ça pouvait être tel et tel pigment  mais  euh  dans le cas ou il s'agissait de pigments euh  à base métallique  sa méthode ne marchait pas  hm hm $ parce que euh les spectres ne correspondaient pas à à ces longueurs d'ondes là  /$					
$ ah oui  /$ et donc nous on a eu le droit enfin il a il a il a fait  je crois qu'il lui a fallu quatre ou cinq ans avec des tas de euh  de recommandations pour arriver euh    déjà observer le manuscrit et pouvoir faire des mesures dessus  et donc voilà on a  ah oui $ et donc là les mesures ont ont marché même ça a donné lieu à une euh  /$			1		
euh  ce grand document sur les recettes de l'omelette  donc ça me permet de vous demander  est-ce que vous vous faites des fois une omelette maintenant ? $ alors est-ce que vous pouvez me raconter comment vous vous vous y prenez pour faire une omelette  /$ $ quelle est votre propre recette ?  /$		1			
$ hm hm  /$ et donc euh il offrait une une prime pour ceux qui se convertissaient au salariat  donc c'est ce qu'il a fait donc il a pu toucher cette petite prime et  bah il a trouvé un boulot il faisait il était gardien de nuit  donc en fait il partait euh  bah il faisait la nuit quoi donc il partait euh  enfin en plus les les trucs étaient gelés là il passait on habitait euh  vous connaissez un peu Orléans ? $ oui oui oui  /$			1		
$ là Montesquieu  /$ et en fait euh je voyais des des gens enfin j'ai j'ai eu de la chance  parce que sinon j'aurais pu euh  parce qu'à l'époque j'avais pas de portable  bah oui oui oui  vous auriez pu rester longtemps comme ça dans le froid $ ni rien  /$	1				
$ là Montesquieu  /$ et en fait euh je voyais des des gens enfin j'ai j'ai eu de la chance  parce que sinon j'aurais pu euh  parce qu'à l'époque j'avais pas de portable  bah oui oui oui  vous auriez pu rester longtemps comme ça dans le froid $ ni rien  /$	1				
$ ah oui j'ai lu ça ouais  /$ a déjà été fait y a quarante ans  en fait vous aur- vous auriez pu $ vous auriez pu y participer  /$	1				
a déjà été fait y a quarante ans  en fait vous aur- vous auriez pu $ vous auriez pu y participer  /$ $ bah oui oui ja- j'avais pas du le savoir  /$	1				
