phrase	éventualité	permission	possibilité matérielle ou capacité	sporadicité	doute
comme on le fait d'ailleurs effectivement vers ce bipartisme que ça ne peut être à terme qu'au profit du Parti Communiste	1				
c'est d'ailleurs ce que j'ai entendu développer par certains commentateurs tout ça peut effectivement avoir une certaine résonnance dans l'opinion et se dire après tout le Parti Communiste français n'est plus si dangereux que ça par conséquent allons-y c'est possible	1				
de ce point de vue là si vous voulez pour moi les événements du mois de mai et du mois de juin ont été terriblement inquiétants dans la mesure où on sent qu'y a malgré tout dans les profondeurs des forces qui peuvent en en	1				
le plan politique euh il peut pas y avoir de de dialogues dans les différents échelons du pays s'il n'y a pas d'abord			1		
les on peut pas parler de vie démocratique dans le pays si cette vie démocratique n'existe pas		1			
sur le plan économique et encore ça peut aller depuis la la co-gestion ouvrière	1				
euh comme il peut y en avoir un certain nombre dans une ville comme Orléans alors euh	1				
enfin donc je l'ai fait parce que euh évidemment à partir du moment où on a commencé à prendre une responsabilité eh bien après c'est un enchaînement logique on peut pas diffici- on peut difficilement se dérober et à partir du moment où on s'est présenté une fois bah la première fois fallait se présenter et puis et cetera		1			
enfin donc je l'ai fait parce que euh évidemment à partir du moment où on a commencé à prendre une responsabilité eh bien après c'est un enchaînement logique on peut pas diffici- on peut difficilement se dérober et à partir du moment où on s'est présenté une fois bah la première fois fallait se présenter et puis et cetera		1			
/$ $ est-ce qu'on peut vous demander jusqu'à quel point  /$ $ vous avez réussi  /$		1			
au fond qui encore une fois peuvent être différentes j'admettrais très parfaitement de me retrouver euh	1				
et dans cet esprit-là si vous voulez ça me mène à envisager précisément euh je voudrais quand même préciser si vous voulez quelle euh incidence ça peut avoir lorsque on mes mes conceptions de de la société politique	1				
les formules de de de rassemblement toutes les formules qui peuvent conduire à une certaine unité un certain euh			1		
euh écoutez ça je ne peux je		1			
en ce qui concerne les électeurs euh je peux difficilement le savoir les bulletins de vote ne sont pas signés par déduction par regroupement		1			
de voix que je peux peut-être que enfin je peux me rendre compte en tout cas euh		1			
je peux peut-être que enfin je peux me rendre compte en tout cas euh par les		1			
mais euh j- je peux vous assurer que chez moi y a y a le dialogue y a toujours eu le dialogue euh		1			
dans en mille neuf cent soixante-huit c'est c'est c'est c'est invraisemblable et on peut penser que là y a y a un abus d'autorité qui risque de conduire à des catastrophes		1			
et là j'appréhendais beaucoup pour elle parce que c'est l'âge où on a des amitiés qui se sont déjà formées euh qui peuvent être durables et je dis cette coupure eh bien même pour elle euh	1				
quand on dit des tas de milieux qui vous recoivent pas mais bien entendu mais même si vous me recevez je pourrais pas y aller enfin les les journées n'ont que vingt-quatre heures on peut pas voir tout le monde on peut pas tout faire $ bien  /$			1		
quand on dit des tas de milieux qui vous recoivent pas mais bien entendu mais même si vous me recevez je pourrais pas y aller enfin les les journées n'ont que vingt-quatre heures on peut pas voir tout le monde on peut pas tout faire $ bien  /$			1		
tout ce qu'on dit de ces en définitive c'est tout ce qu'on peut dire des provinciaux alors y a des différences bien sûr	1				
de la natalité évidemment de de leurs propres populations elles ne peuvent le faire que par l'apport de euh nouvelles euh couches euh s-	1				
alors écoutez ça y a une chose que je peux peut-être vous proposer je dis peut-être parce que ça dépend pas de moi		1			
euh euh je sais pas est-ce qu'on peut recopier ah oui		1			
de l'homme la même que vis-à-vis de de la doctrine d'autant plus qu'il peut y avoir décalage important entre la doctrine et l'homme beaucoup qui se disent communistes en réalité ils ne savent pas même exactement ce qu'est le communisme dont ils se réclament	1				
ou à l'arrivée comme on voudra enfin une opposition fondamentale qui fait que on ne peut pas véritablement s'entendre et que je suis personnellement malgré tout ce que je vous ai dit sur	1				
oser croire qu'on peut collaborer sincèrement avec des communistes chaque fois qu'on collabore sincèrement avec des communistes	1				
voilà en gros si vous voulez enfin c'est est-ce qu'on peut parler vraiment de classe je crois qu'on peut de moins en moins en parler		1			
est-ce qu'on peut parler vraiment de classe je crois qu'on peut de moins en moins en parler et je souhaite personnellement qu'on arrive à		1			
cette cité qui avait un certain standing bien que ce fut dans des des crédits HLM parce que HLM c'est les c'est les habitations à loyer modéré qui maintenant sont destinées à des gens de euh de moyens très modestes pusique d'ailleurs maintenant qu'on ne peut plus y avoir de logement dans ces		1			
ce sont enfin je crois on peut on pourrait trouver aussi des exemples où où c'est inffirmé enfin	1				
ou plus exactement euh si nous avons eu à peu près en nombre de voix les résultats que nous pouvions espérer du fait du mécanisme de la loi électorale			1		
je crois de quarante euh pour pouvoir constituer un un groupe homogène		1			
d'entre eux auraient probablement finalement ralié un groupe plus haut donc fallait constituer un groupe mais on ne pouvait pas le constituer que euh pour atteindre les quarante que les sept ou huit députés qui manquaient acceptent de prendre une étiquette que précisement ils n'avaient pas voulu prendre euh pour les élections		1			
$ plus de députés je crois  /$ $ est ce que vous pourriez nous expliquer comment cela se passe  /$ $ que les lois électorales vous empêchent de  /$		1			
sorti aussitôt la direction et évidemment on ne pouvait être un peu surpris et ce n'est pas habituel euh			1		
euh sur ce qui pourrait se passer si euh	1				
euh du pouvoir est					
il est certain qu'au départ un projet comme celui-ci pour avoir une chance de d'aboutir ne ne ne pouvait pas être euh étalé sur la place publique		1			
comment dirais-je la définition commune qu'on pourrait donner à la participation dans dans l'entreprise euh		1			
concevait euh son rôle de direction là euh à l'inverse je pouvais pas être d'accord non plus euh	1				
que euh à tout moment on va pouvoir dire au chef de service nous ça			1		
du style euh on pourrait dire euh capitaliste dans son sens également caricatural		1			
en me disant ben je vais me reposer et puis je vais pouvoir réfléchir parce que euh je			1		
donc si on vous connaît pas vous êtes nouveau ah il nous faut quelqu'un de nouveau alors vous pouvez pas refuser et cetera alors c'est en gros le raisonnement si vous voulez qui		1			
que en définitive la clé de beaucoup de problèmes se trouvait à l'échelon politique que on pouvait se démener tant qu'on voulait à la tête de syndicats			1		
non $ enfin de toute façon je pouvais pas réussir  /$ $ mais enfin vous avez euh  /$			1		
catholique je veux dire dans la mesure où je pouvais avoir l'air d'établir une confusion entre mes positions politiques			1		
je le dis parce que je le crois important il y a quand même une justification donc euh qui tiennent à mes convictions ou religieuses commes elles pourraient pour quelqu'un d'autre tenir à ses convictions philosophiques hein	1				
si demain on pouvait enfin constituer en France un parti travailliste		1			
ils p- sachent que ils pouvaient s'exprimer à la maison en particulier dans		1			
comment voyez-vous le mot d'autorité ? est-ce que vous pourriez essayer de dire euh là encore une fois je crois que pour le définir alors euh dans ces différentes applications là on vient de parler de la famille si vous voulez		1			
y avait rien d'essentiel d'engager elle pouvait parfaitement ne pas venir là où elle était attendue dans la mesure où nous irions au on pouvait l'excuser ça ça ne posait pas de problème			1		
elle pouvait parfaitement ne pas venir là où elle était attendue dans la mesure où nous irions au on pouvait l'excuser ça ça ne posait pas de problème elle pouvait parfaitement euh		1			
dans la mesure où nous irions au on pouvait l'excuser ça ça ne posait pas de problème elle pouvait parfaitement euh répondre à l'invitation de son amie euh			1		
enfin des tas suffisamment parce qu'après tout vous savez quand on dit des tas de milieux qui vous recoivent pas mais bien entendu mais même si vous me recevez je pourrais pas y aller enfin les les journées n'ont que vingt-quatre heures on peut pas voir tout le monde on peut pas tout faire			1		
alors y a des différences bien sûr je pourrais dire mais ce sont des clichés tout ça euh enfin des clichés à nos yeux		1			
hm de savoir et quelle valeur ça pourra avoir alors dans l'optique de votre euh expérience à vous sur le plan donc de l'éducation linguistique	1				
contestera le fait qu'il appartient au milieu ouvrier on pourra les réunir et cetera dans la même ville d'Orléans essayons de constituer une équipe			1		
j'en parle d'employé euh cadre euh cadre de banque ben vous pourrez pas les mettre ensemble parce qu'ils ne		1			
ce sont enfin je crois on peut on pourrait trouver aussi des exemples où où c'est inffirmé enfin	1				
et et il n'était pas pensable que les trente et quelques députés qui avaient été élus sous l'étiquette Centre Démocrate puissent se trouver comme ça euh	1				
de celle de de Jean Lecanuet on a pu même parler euh d'une certaine concurrence entre les les deux leaders l'un étant le leader parlementaire l'autre étant le le leader euh		1			
euh y a pu tellement de danger puisque on sait bien que maintenant				1	
y a pas grand chose de changé euh vous avez pu peut-être			1		
je suis bien convaincu ou celui des chemins de fer que la SNCF et l'EDF ont fait des choses que n'auraient pas pu faire euh la multiplicité des sociétés qui existaient autrefois et			1		
dans l'ordre des investissements qui n'auraient pas pu être réalisés aussi facilement de la même façon			1		
euh comme Orléans euh j'ai pu être candidat alors que pratiquement je ne suis pas orléanais			1		
euh enfin politique que j'aurais pu donc commencer euh très jeune et euh je me suis contenté de l'activité professionnelle et surtout sociale	1				
dans une ville comme Orléans je voyais pas très bien euh quand euh j'aurais pu me trouver euh amené à faire autre chose si ce n'est euh	1				
je ne pense pas que on puisse euh faire des enfin à mon sens à moi	1				
exception euh à mon avis qu'on puisse relever et ce qu'on ass-			1		
des gens de la Fédération de la gauche comme vous avez fait avec moi je ne pense pas que vous puissiez trouver		1			
ici à Orléans qui puissent euh vous dire le contraire leur alliance avec le Parti Communiste	1				
tous les mêmes logements y avait même pas les signes distinctifs qu'il y a maintenant enfin qui pou- qu'il y aurait pu y avoir de de de voiture par exemple c'était une époque où même les voitures étaient encore assez rares euh beaucoup d'entre nous ont même en				1	
euh frappants donc euh ça n'a pu se constater assez rapidement au au	1				
