phrase	éventualité	permission	possibilité matérielle ou capacité	sporadicité	doute
euh il a le pouvoir lui-même d'agent de police judiciaire il peut constater le maire peut constater des infractions				1	
il a le pouvoir lui-même d'agent de police judiciaire il peut constater le maire peut constater des infractions il peut procéder à l'arrestation de délinquants				1	
le maire peut constater des infractions il peut procéder à l'arrestation de délinquants il a le droit c'est pratiquement un pouvoir qu'il n'exerce jamais				1	
et euh il il peut le faire en tout cas les pouvoirs de police municipal lui appartiennent par exemple euh				1	
le le ressort municipal est tenu de faire des versements réguliers ne peut conserver par-devers lui qu'un nombre qu'une somme très peu importante il doit régulièrement verser			1		
qui est tatillon comme on dit alors les choses peuvent aller beaucoup plus difficilement ou qui est autoritaire qui prétend par ce biais-là se mêler des affaires de la commune ce que nous avons connu				1	
soit de la part de l'autorité du préfet car le préfet peut annuler certaines décisions mais d'autres il peut pas les annuler il est obligé			1		
car le préfet peut annuler certaines décisions mais d'autres il peut pas les annuler il est obligé d'avoir recours aux tribunaux administratifs qui existent en France			1		
non seulement le préfet par euh sa tutelle mais également les tribunaux administratifs qui peuvent annuler les décisions qui sont illégales irrégulières et qui n'ont pas été prises conformément aux lois ça euh i- ce recours est ouvert à tous les citoyens			1		
qui lui convient le maire peut lui en donner aucune il peut donner celles qu'il veut			1		
le maire peut lui en donner aucune il peut donner celles qu'il veut et il peut les révoquer comme il veut			1		
il peut donner celles qu'il veut et il peut les révoquer comme il veut le maire seul en est juge et non pas le conseil municipal			1		
exécutives de la commune sont entre les mains du maire alors il peut les déléguer après dans les grandes villes c'est indispensable			1		
euh selon leur importance les communes ne peuvent procéder à l'organisation de leurs services que dans des limites fixées	1				
euh les le ministère de l'intérieur ne peut ne peut donner des instructions ou prendre des textes comme les arrêtés ou des décrets à plus forte raison			1		
euh les le ministère de l'intérieur ne peut ne peut donner des instructions ou prendre des textes comme les arrêtés ou des décrets à plus forte raison			1		
qui lui convient selon son importance et qu'en principe elle ne peut dépasser alors dans chaque commune		1			
euh par les textes c'est-à-dire qu'on ne peut pas nommer n'importe qui à n'importe quel emploi		1			
possédant ces qualifications que le maire peut nommer le maire doit nommer avec sur concours en général		1			
je ne dispose pas de la signature pour aucun acte je ne peux pas engager la commune pour rien je n'ai pas le droit de signer une lettre			1		
ne sont pas compétentes sur le plan technique administrative car un maire peut être un excellent administrateur avoir de				1	
de même que le maire ne peut pas faire un projet technique c'est pas lui qui fera un projet de redressement de voirie ou de construction de bâtiments			1		
des techniciens que nous a- euh avec lesquels nous passons des conventions qui le font et le maire ne peut que dire oui ça me convient ou ça me convient pas le conseil municipal aussi mais c'est pas lui qui peut faire le t- ce travail non plus			1		
et le maire ne peut que dire oui ça me convient ou ça me convient pas le conseil municipal aussi mais c'est pas lui qui peut faire le t- ce travail non plus alors par conséquent les tâches			1		
$ oui /$ ce n'est pas un problème le problème qu'il peut y avoir et qu'il y a c'est le problème du	1				
monsieur vous si ça vous intéresse je peux vous donner quand même une vue rapide		1			
de de l'agriculture enfin des différents secteurs qui peuvent exister et puis vous avez le département le département	1				
de ces petites communes euh tiennent maintenant à ce qu'Orléans peut faire par exemple euh le seul un exemple le plus probant			1		
qui est le plus clair mais y en a d'autres c'est celui des égouts on ne peut plus faire d'urbanisme maintenant sans avoir des égouts ça n'existe plus cela			1		
et des communes qui construisent des égouts sont obligées elles ne peuvent pas faire autrement de déverser			1		
$ quel est votre /$ $ opinion si je peux /$ $ oui /$		1			
et eh bien quand le conseil municipal a changé je peux dire qu'il n'y a eu aucune modification		1			
nos opinions juridiques et administravtives en considération parce que il faut bien le faire parce que ce qui est impossible à faire on peut pas le faire bien sûr mais euh même sur l'opportunité			1		
$ qui existe /$ et c'est ce que ce qui se passe à Orléans ça peut exister aussi bien ailleurs mais euh	1				
et les problèmes matériels euh ne peuvent pas m'être indifférents euh et j'ai demandé ce poste et je l'ai obtenu			1		
$ on voit bien que vous ne disposez pas de beaucoup de loisirs euh /$ $ peut- /$ monsieur mais					
j'aurais peut-être pu devenir journaliste si je l'avais souhaité enfin je peux pas peux pas euh lâcher			1		
enfin je peux pas peux pas euh lâcher euh mes fonctions administratives et de			1		
et pas sérieux et ça euh je ne je ne je peux pas le faire je ne le fais pas mais euh			1		
ça c'est vite fait mon journal si v- si ça peut vous intéresser c'est le Monde depuis que le Monde est monde si j'ose dire	1				
non pas très souvent surtout qu'ici pratiquement je peux vous savez les week-ends je ne les prends pas par exemple le samedi la mairie est fermée			1		
et même de jour comme de nuit y peut se passer des incidents dans la nuit pour lesquels on me réveille euh			1		
et est-ce que $ vous pourriez commencer en nous expliquant /$ oui		1			
risquerait en cas de non approbation de de ne pas pouvoir être payé et le maire qui aurait commandé le travail aurait fait une faute administrative			1		
et le maire qui aurait commandé le travail aurait fait une faute administrative qui pourrait être sanctionnée administrativement par la suspension ou par la révocation ou même pas des poursuites pénales	1				
$ que /$ $ vous pourriez peut-être euh /$ $ nous expliquer /$		1			
ça n'est pas une obligation il pourrait s'en passer il pourrait il pourrait dire moi je n'ai pas besoin de secrétaire général je je fais le travail tout seul	1				
ça n'est pas une obligation il pourrait s'en passer il pourrait il pourrait dire moi je n'ai pas besoin de secrétaire général je je fais le travail tout seul	1				
ça n'est pas une obligation il pourrait s'en passer il pourrait il pourrait dire moi je n'ai pas besoin de secrétaire général je je fais le travail tout seul	1				
je je fais le travail tout seul il pourrait même dans une euh évidemment c'est ça serait absurde dans une grande ville mais il pourrait n'y avoir aucun fontionnaire	1				
il pourrait même dans une euh évidemment c'est ça serait absurde dans une grande ville mais il pourrait n'y avoir aucun fontionnaire il pourrait décider qu'il fait avec ses adjoints le travail lui-même et cela arrive	1				
évidemment c'est ça serait absurde dans une grande ville mais il pourrait n'y avoir aucun fontionnaire il pourrait décider qu'il fait avec ses adjoints le travail lui-même et cela arrive dans des petites communes ce sont des choses qui arrivent	1				
dans la ville $ oui euh est-ce que vous pourriez peut-être nous dire euh /$ $ vis-à-vis du public est-ce que /$		1			
de constituer des agglomérations urbaines et ces agglomérations urbaines pourront être constituées dans les dans les agglomérations qui ont plus de cinquante mille habitants ce qui est le cas d'Orléans et nous travaillons actuellement à cela de façon	1				
d'administration c'est-à-dire le maire et les adjoints nous pouvous nous donnons notre opinion très librement parce que on nous connaît qu'on nous estime que l'on a de la sympathie pour nous			1		
normalement nous sommes nous pourrions ne pas être appelés du tout à le faire n'est-ce pas alors si vous voulez je ne suis donc pas étranger			1		
à même à un nombre important de réunions du conseil municipal vous ne pourriez pas vous en rendre compte $ ah /$		1			
madame $ NPERS est-ce que est-ce que on pourrait vous demander peut-être euh /$ $ la formation que vous avez reçue ? /$		1			
le poste de secrétaire général de cette ville était vaquant euh je me suis renseigné sur l'intérêt que ça pouvait présenter au point de vue matériel	1				
puis alors je vois au passage les articles très importants quelques fois de gens que je connais alors je les coche au crayon rouge et puis je lirai ça quand je pourrais quelques fois je pourrais jamais			1		
alors je les coche au crayon rouge et puis je lirai ça quand je pourrais quelques fois je pourrais jamais alors en ce qui concerne les livres et bien vous savez j'en lis			1		
$ oui /$ c'est la limite de soixante ans pouvant être prolongée jusqu'à soixan-				1	
bah oui mais vous me l'auriez envoyé il y a y a un ou deux jours j'aurais pu un peu y réfléchir ah	1				
alors le rôle du secrétaire général est donc en principe d'exécuter les ordres du maire et de préparer le travail pour le maire de façon que le maire puisse saisir le conseil municipal ou prendre les décisions qu'il a à prendre c'est évidemment dur vrai		1			
et même à la fusion des communes pour constituer des commmunes valables des communes qui puissent s'administrer elles-mêmes parce qu'autrement			1		
j'ai d'ailleurs fait du droit j'avais j'ai j'avais fait une première année de licence en droit puis je n'ai pas pu faire en même temps tout parce que parce que je travaillais peut-être pas assez			1		
parce que parce que je travaillais peut-être pas assez et puis mais enfin le concours que j'ai pu préparer euh était un concours euh certain d'un niveau certain			1		
littéraires et même euh j'aurais peut-être pu devenir journaliste si je l'avais souhaité enfin je peux pas	1				
oui parce que je n'arrive pas surtout en fin de semaine j'ai trop de choses que je n'ai pas pu faire ou que j'ai mises en en attente parce que des choses plus urgentes me pressaient			1		
